# coordinate	name	kind	language	homepage	stars	updated	description
# Generated by "vise sync" from the Mason registry, mise registry and GitHub.
# Do not hand-edit; edits are lost on sync. Use catalog-overrides.tsv instead.
actionlint	actionlint	linter	github-actions	https://github.com/rhysd/actionlint	4095	2026-07-16	Static checker for GitHub Actions workflow files.
github:AdaCore/ada_language_server	ada-language-server	lsp	ada	https://github.com/AdaCore/ada_language_server	301	2026-07-31	Ada/SPARK language server.
github:aiken-lang/aiken	aiken	lsp	aiken	https://github.com/aiken-lang/aiken	584	2026-08-01	A modern smart contract platform for Cardano
air	air	formatter,lsp	r	https://posit-dev.github.io/air/	-	-	R formatter and language server
github:kamadorueda/alejandra	alejandra	formatter	nix	https://github.com/kamadorueda/alejandra	1382	2026-04-25	The Uncompromising Nix Code Formatter
npm:alex	alex	linter	markdown	https://github.com/get-alex/alex	5095	2024-11-27	Catch insensitive, inconsiderate writing.
github:amber-lang/amber-lsp	amber-lsp	lsp	amber	https://github.com/amber-lang/amber-lsp	15	2026-07-23	Amber's Language Server Protocol
npm:@angular/language-server	angular-language-server	lsp	angular	https://angular.io/guide/language-service	-	-	The Angular Language Service provides code editors with a way to get completions, errors, hints, and navigation inside Angular templates. It works with external templates in separate HTML files, and also with in-line templates.
npm:@ansible/ansible-language-server	ansible-language-server	lsp	ansible	https://github.com/ansible/vscode-ansible	480	2026-08-02	Ansible Language Server.
pipx:ansible-lint	ansible-lint	linter	ansible	https://github.com/ansible/ansible-lint	3890	2026-07-31	Ansible Lint is a command-line tool for linting playbooks, roles and collections aimed toward any Ansible users.
npm:antlers-language-server	antlers-language-server	lsp	antlers	https://github.com/Stillat/vscode-antlers-language-server	40	2025-05-29	Provides rich language features for Statamic's Antlers templating language, including code completions, syntax highlighting, and more.
github:forcedotcom/salesforcedx-vscode	apex-language-server	lsp	apex	https://github.com/forcedotcom/salesforcedx-vscode	1034	2026-08-02	The Apex Language Server is an IDE-agnostic way for tools to access code-editing capabilities such as code completion, go to definition, find all usage, and refactoring.
go:github.com/googleapis/api-linter/v2	api-linter	linter	protobuf	https://github.com/googleapis/api-linter	761	2026-07-03	A linter for APIs defined in protocol buffers.
github:arduino/arduino-language-server	arduino-language-server	lsp	arduino	https://github.com/arduino/arduino-language-server	201	2026-07-28	An Arduino Language Server based on Clangd to Arduino code autocompletion.
cargo:asm-lsp	asm-lsp	lsp	assembly	https://github.com/bergercookie/asm-lsp	606	2026-07-08	Language server for NASM/GAS/GO Assembly.
github:klauspost/asmfmt	asmfmt	formatter	assembly	https://github.com/klauspost/asmfmt	310	2022-04-04	Go Assembler Formatter This will format your assembler code in a similar way that gofmt formats your Go code.
ast-grep	ast-grep	linter,formatter,lsp	c,c++,rust,go,java,python,c#,javascript,jsx,typescript,html,css,kotlin,dart,lua	https://github.com/ast-grep/ast-grep	15350	2026-08-02	A CLI tool for code structural search, lint and rewriting. Written in Rust.
npm:@astrojs/language-server	astro-language-server	lsp	astro	https://github.com/withastro/language-tools	336	2025-11-17	The Astro language server, its structure is inspired by the Svelte Language Server.
pipx:autoflake	autoflake	formatter	python	https://pypi.org/project/autoflake/	-	-	autoflake removes unused imports and unused variables from Python code.
github:thqby/vscode-autohotkey2-lsp	autohotkey_lsp	lsp	autohotkey	https://github.com/thqby/vscode-autohotkey2-lsp	311	2026-07-05	Autohotkey v2 Language Support using vscode-lsp.
pipx:autopep8	autopep8	formatter	python	https://pypi.org/project/autopep8/	-	-	A tool that automatically formats Python code to conform to the PEP 8 style guide.
pipx:autotools-language-server	autotools-language-server	lsp	any	https://github.com/Freed-Wu/autotools-language-server	50	2026-07-27	Autotools language server, support configure.ac, Makefile.am, Makefile.
npm:awk-language-server	awk-language-server	lsp	awk	https://github.com/Beaglefoot/awk-language-server	121	2024-11-19	Language Server for AWK.
npm:azure-pipelines-language-server	azure-pipelines-language-server	lsp	azure pipelines	https://github.com/microsoft/azure-pipelines-language-server	44	2026-08-02	A language server for Azure Pipelines YAML.
cargo:bacon	bacon	linter	rust	https://github.com/Canop/bacon	3363	2026-07-26	Bacon is a background rust code checker
cargo:bacon-ls	bacon-ls	lsp	rust	https://github.com/crisidev/bacon-ls	215	2026-08-01	Rust diagnostic provider based on Bacon
pipx:bandit	bandit	linter	python	https://pypi.org/project/bandit/	-	-	Bandit, a security linter from PyCQA
npm:basedpyright	basedpyright	lsp	python	https://detachhead.github.io/basedpyright	-	-	Fork of the Pyright static type checker for Python, with extra Pylance features.
npm:bash-language-server	bash-language-server	lsp	bash	https://github.com/bash-lsp/bash-language-server	2758	2026-07-30	A language server for Bash.
npm:basics-language-server	basics-language-server	lsp	any	https://github.com/antonk52/basics-language-server	77	2024-12-04	Buffer, path, and snippet completions
github:salesforce-misc/bazelrc-lsp	bazelrc-lsp	lsp	bazelrc	https://github.com/salesforce-misc/bazelrc-lsp	30	2026-06-02	Language Server for `.bazelrc` configuration files
cargo:beancount-language-server	beancount-language-server	lsp	beancount	https://github.com/polarmutex/beancount-language-server	244	2026-08-01	A Language Server Protocol (LSP) for beancount files.
pipx:beanhub-cli	beanhub-cli	formatter	beancount	https://beanhub-cli-docs.beanhub.io/	-	-	A simple beancount formatter that keeps comments.
pipx:beautysh	beautysh	formatter	bash,csh,ksh,sh,zsh	https://github.com/lovesegfault/beautysh	534	2026-07-27	beautysh - A Bash beautifier for the masses.
bibtex-tidy	bibtex-tidy	formatter	latex	https://github.com/FlamingTempura/bibtex-tidy	1111	2026-08-01	Cleaner and Formatter for BibTeX files
github:Azure/bicep	bicep-lsp	lsp	bicep	https://github.com/Azure/bicep	3623	2026-08-02	Bicep is a declarative language for describing and deploying Azure resources
biome	biome	lsp,linter,formatter	javascript,typescript,json	https://biomejs.dev	-	-	Toolchain of the web. Successor to Rome.
black	black	formatter	python	https://pypi.org/project/black/	-	-	Black, the uncompromising Python code formatter.
github:disrupted/blackd-client	blackd-client	formatter	python	https://github.com/disrupted/blackd-client	30	2023-07-18	Tiny HTTP client for the Black (blackd) Python code formatter.
npm:blade-formatter	blade-formatter	formatter	blade	https://github.com/shufo/blade-formatter	544	2026-07-31	An opinionated blade template formatter for Laravel that respects readability.
pipx:blue	blue	formatter	python	https://blue.readthedocs.io/en/latest/	-	-	blue is a somewhat less uncompromising code formatter than black, the OG of Python formatters. We love the idea of automatically formatting Python code, for the same reasons that inspired black, however we take issue with some of the decisions black makes. Kudos to black for pioneering code formatting for Python, and for its excellent implementation.
github:kitagry/bqls	bqls	lsp	sql	https://github.com/kitagry/bqls/	48	2026-08-02	BigQuery language server
npm:brighterscript	brighterscript	lsp	brighterscript	https://github.com/RokuCommunity/brighterscript	205	2026-07-31	A superset of Roku's BrightScript language.
npm:brighterscript-formatter	brighterscript-formatter	formatter	brighterscript	https://github.com/rokucommunity/brighterscript-formatter	17	2026-07-31	A code formatter for BrightScript and BrighterScript.
pipx:brunette	brunette	formatter	python	https://github.com/odwyersoftware/brunette	-	-	A best practice Python code formatter
github:1c-syntax/bsl-language-server	bsl-language-server	lsp	1С:enterprise,onescript	https://1c-syntax.github.io/bsl-language-server	-	-	Implementation of Language Server Protocol for Language 1C (BSL).
npm:@rokucommunity/bslint	bslint	linter	brighterscript	https://github.com/rokucommunity/bslint	33	2026-06-23	A BrighterScript CLI tool to lint your code without compiling your project.
buf	buf	lsp,linter,formatter	protobuf	https://buf.build	-	-	The Buf CLI is a one stop shop for your local Protocol Buffers needs. It comes with a linter that enforces good API designs, a breaking change detector, a generator, a formatter that formats your Protobuf files in accordance with industry standards. It also helps you manage your Protobuf assets on the Buf Schema Registry.
buildifier	buildifier	linter,formatter	bazel	https://github.com/bazelbuild/buildtools	1182	2026-07-16	buildifier is a tool for formatting and linting bazel BUILD, WORKSPACE, and .bzl files.
unavailable:bzl	bzl	lsp	starlark	https://bzl.io/	-	-	DEPRECATED: Servers offline and homepage no longer available. Use starpls instead. — Autocompletion, hover documentation, and debugging for BUILD files. Get a huge productivity boost with rule, attribute, and function definitions right in your IDE.
github:pherrymason/c3-lsp	c3-lsp	lsp	c3	https://github.com/pherrymason/c3-lsp	182	2026-07-20	c3-lsp is a language server for the c3 language, developed by pherrymason. It provides IDE features to any LSP-compatible editor.
cargo:cairo-language-server	cairo-language-server	lsp	cairo	https://github.com/starkware-libs/cairo	1900	2026-08-02	Starknet Cairo language server.
github:lukas-reineke/cbfmt	cbfmt	formatter	markdown	https://github.com/lukas-reineke/cbfmt	186	2023-03-01	A tool to format codeblocks inside markdown and org documents. It iterates over all codeblocks, and formats them with the tool(s) specified for the language of the block.
npm:@sap/cds-lsp	cds-lsp	lsp,formatter	cds	https://cap.cloud.sap	-	-	Language server for CDS
cfn-lint	cfn-lint	linter	yaml,json,cloudformation	https://github.com/aws-cloudformation/cfn-lint	2632	2026-08-01	CloudFormation Linter. Validate AWS CloudFormation YAML/JSON templates against the AWS CloudFormation Resource Specification and additional checks. Includes checking valid values for resource properties and best practices.
checkmake	checkmake	linter	makefile	https://github.com/mrtazz/checkmake	1209	2026-07-20	checkmake is an experimental tool for linting and checking Makefiles. It may not do what you want it to.
checkstyle	checkstyle	linter	java	https://checkstyle.org/	-	-	A tool for checking Java source code for adherence to a Code Standard or set of validation rules (best practices).
github:CircleCI-Public/circleci-yaml-language-server	circleci-yaml-language-server	lsp	yaml	https://github.com/CircleCI-Public/circleci-yaml-language-server	28	2026-07-14	Language server for CircleCI YAML configurations
cargo:circom-lsp	circom-lsp	lsp	circom	https://github.com/rubydusa/circom-lsp	33	2023-06-03	A Language Server Protocol Implementation for Circom
pipx:clang-format	clang-format	formatter	c,cpp	https://pypi.org/project/clang-format/	-	-	clang-format is formatter for C/C++/Java/JavaScript/JSON/Objective-C/Protobuf/C# code.
pipx:clang-tidy	clang-tidy	linter	c,cpp	-	-	-	-
github:clangd/clangd	clangd	lsp	c,cpp	https://clangd.llvm.org	-	-	clangd understands your C++ code and adds smart features to your editor: code completion, compile errors, go-to-definition and more.
github:hirosystems/clarinet	clarinet	lsp	clarity	https://github.com/hirosystems/clarinet	352	2026-08-01	Clarinet is a simple, modern and opinionated runtime for testing, integrating and deploying Clarity smart contracts.
clj-kondo	clj-kondo	linter	clojure,clojurescript	https://github.com/clj-kondo/clj-kondo	1848	2026-08-02	Clj-kondo performs static analysis on Clojure, ClojureScript and EDN, without the need of a running REPL. It informs you about potential errors while you are typing.
github:weavejester/cljfmt	cljfmt	formatter	clojure,clojurescript	https://github.com/weavejester/cljfmt	1222	2026-07-26	A tool for formatting Clojure code
github:clojure-lsp/clojure-lsp	clojure-lsp	lsp	clojure,clojurescript	https://clojure-lsp.io	-	-	A Language Server for Clojure(script). Taking a Cursive-like approach of statically analyzing code.
pipx:cmake-language-server	cmake-language-server	lsp	cmake	https://github.com/regen100/cmake-language-server	408	2025-02-11	CMake LSP Implementation.
pipx:cmakelang	cmakelang	formatter,linter	cmake	https://pypi.org/project/cmakelang/	-	-	Language tools for cmake (format, lint, etc).
pipx:cmakelint	cmakelint	linter	cmake	https://github.com/cmake-lint/cmake-lint	107	2024-05-12	cmakelint parses CMake files and reports style issues.
github:eclipse-che4z/che-che4z-lsp-for-cobol	cobol-language-support	lsp	cobol	https://github.com/eclipse-che4z/che-che4z-lsp-for-cobol	115	2026-07-31	COBOL Language Support provides autocomplete, highlighting and diagnostics for COBOL code and copybooks
github:blopker/codebook	codebook	lsp	c,css,go,html,haskell,java,javascript,lua,markdown,php,plain,python,ruby,rust,toml,typescript	https://github.com/blopker/codebook	857	2026-08-02	An unholy spell checker for code.
codeql	codeql	lsp	codeql	https://github.com/github/codeql-cli-binaries	997	2026-07-29	Discover vulnerabilities across a codebase with CodeQL, our industry-leading semantic code analysis engine. CodeQL lets you query code as though it were data. Write a query to find all variants of a vulnerability, eradicating it forever. Then share your query to help others do the same.
pipx:codespell	codespell	linter	any	https://github.com/codespell-project/codespell	2407	2026-07-31	Check code for common misspellings.
npm:coffeesense-language-server	coffeesense-language-server	lsp	coffeescript	https://github.com/phil294/coffeesense	53	2025-06-08	Language server for CoffeeScript.
npm:@commitlint/cli	commitlint	linter	any	https://commitlint.js.org/	-	-	commitlint checks if your commit messages meet the conventional commit format.
github:dev-cycles/contextive	contextive	lsp	f#	https://github.com/dev-cycles/contextive	363	2026-04-16	Supports developers where a complex domain or project specific language is in use by surfacing definitions everywhere specific words are used - code, comments, config or documentation.
npm:@github/copilot-language-server	copilot-language-server	lsp	any	https://www.npmjs.com/package/@github/copilot-language-server	-	-	The Copilot Language Server enables any editor or IDE to integrate with GitHub Copilot via the language server protocol.
unavailable:coq-lsp	coq-lsp	lsp	coq	https://github.com/ejgallego/coq-lsp/	208	2026-07-27	Visual Studio Code Extension and Language Server Protocol for coq
pipx:cpplint	cpplint	linter	c,c++	https://pypi.org/project/cpplint/	-	-	Cpplint is a command-line tool to check C/C++ files for style issues following Google's C++ style guide.
unavailable:cql-language-server	cql-language-server	lsp	cql	https://github.com/cqframework/cql-language-server	2	2026-07-08	A language server for Clinical Quality Language (CQL).
cargo:cqlls	cqlls	lsp	cql	https://github.com/Akzestia/cqlls	6	2026-05-30	The Best Open Source Language Server for CQL (Cassandra Query Language) ^_^
go:github.com/cockroachdb/crlfmt	crlfmt	formatter	go	https://github.com/cockroachdb/crlfmt	20	2026-07-21	Formatter for Go code that enforces the CockroachDB Style Guide.
github:elbywan/crystalline	crystalline	lsp	crystal	https://github.com/elbywan/crystalline	518	2026-05-31	A Language Server Protocol implementation for Crystal.
dotnet:csharp-ls	csharp-language-server	lsp	c#	https://github.com/razzmatazz/csharp-language-server	960	2026-07-25	Roslyn-based LSP language server for C#.
dotnet:csharp-ls	csharp-ls	lsp	csharp	-	-	-	-
dotnet:csharpier	csharpier	formatter	c#	https://csharpier.com	-	-	CSharpier is an opinionated code formatter for C#.
cspell	cspell	linter	any	https://github.com/streetsidesoftware/cspell	1663	2026-08-02	A Spell Checker for Code.
npm:@vlabo/cspell-lsp	cspell-lsp	lsp	any	https://github.com/vlabo/cspell-lsp	76	2025-10-30	Language Server Protocol implementation for CSpell, a spell checker for code.
npm:vscode-langservers-extracted	css-lsp	lsp	css,scss,less	https://github.com/microsoft/vscode-css-languageservice	384	2026-08-01	Language Server Protocol implementation for CSS, SCSS & LESS.
npm:css-variables-language-server	css-variables-language-server	lsp	css,scss,less	https://github.com/vunguyentuan/vscode-css-variables	195	2026-03-10	Autocompletion and go-to-definition for project-wide CSS variables.
github:csskit/csskit	csskit	lsp,formatter,linter	css	https://csskit.rs	-	-	Beautiful, fast, and powerful CSS tooling with zero configuration
npm:cssmodules-language-server	cssmodules-language-server	lsp	css	https://github.com/antonk52/cssmodules-language-server	90	2025-11-08	Autocompletion and go-to-definition for cssmodules.
github:netmute/ctags-lsp	ctags-lsp	lsp	any	https://github.com/netmute/ctags-lsp	148	2026-04-11	A simple LSP server wrapping universal-ctags. Provides code completion, go-to-definition, and document/workspace symbols.
npm:@cucumber/language-server	cucumber-language-server	lsp	cucumber	https://github.com/cucumber/language-server	54	2026-08-02	Cucumber Language Server.
cue	cue	lsp	cue	https://github.com/cue-lang/cue	6214	2026-08-02	The Official Language Server implementation for CUE.
go:github.com/asdine/cueimports	cueimports	formatter	cue	https://github.com/asdine/cueimports	24	2025-02-10	CUE tool that updates your import lines, adding missing ones and removing unused ones.
go:github.com/dagger/cuelsp	cuelsp	lsp	cue	https://github.com/dagger/cuelsp	87	2022-08-19	Language Server implementation for CUE, with built-in support for Dagger.
pipx:curlylint	curlylint	linter	django,jinja,liquid,nunjucks,twig	https://www.curlylint.org/	-	-	Experimental HTML templates linting for Jinja, Nunjucks, Django templates, Twig, Liquid.
npm:custom-elements-languageserver	custom-elements-languageserver	lsp	any	https://github.com/Matsuuu/custom-elements-language-server	92	2023-11-21	Custom Elements Language Server provides useful language features for Web Components. Features include code actions, completons, diagnostics and more.
npm:@neo4j-cypher/language-server	cypher-language-server	lsp	cypher	https://github.com/neo4j/cypher-language-support	51	2026-07-31	Language Server for Cypher query language.
pipx:darker	darker	formatter	python	https://pypi.org/project/darker/	-	-	Apply black reformatting to Python files only in regions changed since a given commit.
github:CQLabs/homebrew-dcm	dcm	lsp,formatter,linter	dart	https://dcm.dev/	-	-	Language server for DCM analyzer
deno	deno	lsp,linter	javascript,typescript	https://deno.land/	-	-	Deno (/ˈdiːnoʊ/, pronounced dee-no) is a JavaScript, TypeScript, and WebAssembly runtime with secure defaults and a great developer experience.
github:detekt/detekt	detekt	linter	kotlin	https://detekt.dev/	-	-	A static code analyzer for Kotlin.
github:remoteoss/dexter	dexter	lsp	elixir	https://github.com/remoteoss/dexter	369	2026-07-10	A fast, full-featured Elixir LSP optimized for large codebases.
github:dhall-lang/dhall-haskell	dhall-lsp	lsp	dhall	https://github.com/dhall-lang/dhall-haskell/tree/master/dhall-lsp-server	-	-	LSP server implementation for Dhall.
npm:diagnostic-languageserver	diagnostic-languageserver	lsp	any	https://github.com/iamcco/diagnostic-languageserver	437	2024-08-30	Diagnostic language server that integrates with linters.
unavailable:digestif	digestif	lsp	latex	https://github.com/astoff/digestif	308	2025-12-02	A language server for TeX and friends
go:github.com/MadAppGang/dingo/cmd/dingo	dingo	formatter,linter	dingo,go	https://github.com/MadAppGang/dingo	1907	2026-07-12	Dingo is a meta-language for Go that adds enhanced type safety and modern syntax (enums, pattern matching, error propagation, lambdas) while transpiling to idiomatic Go code. The CLI provides build, run, format, and lint commands.
go:github.com/MadAppGang/dingo/cmd/dingo-lsp	dingo-lsp	lsp	dingo	https://github.com/MadAppGang/dingo	1907	2026-07-12	Language Server Protocol implementation for Dingo. Wraps gopls and translates positions between .dingo and .go files using source maps, providing full IDE support including go-to-definition, hover, completion, diagnostics, and rename refactoring.
pipx:django-language-server	django-language-server	lsp	python	https://github.com/joshuadavidthomas/django-language-server	197	2026-07-31	A language server for the Django web framework
pipx:django-template-lsp	django-template-lsp	lsp	python,django,html	https://github.com/fourdigits/django-template-lsp	126	2026-04-02	A language server for Django templates.
pipx:djlint	djlint	formatter,linter	django,go,nunjucks,twig,handlebars,mustache,angular,jinja	https://github.com/Riverside-Healthcare/djLint	943	2026-08-02	HTML Template Linter and Formatter. Django - Jinja - Nunjucks - Handlebars - GoLang.
pipx:docformatter	docformatter	formatter	python	https://pypi.org/project/docformatter/	-	-	docformatter automatically formats docstrings to follow a subset of the PEP 257 conventions.
npm:@microsoft/compose-language-service	docker-compose-language-service	lsp	docker	https://github.com/microsoft/compose-language-service	113	2026-07-20	A language server for Docker Compose.
github:docker/docker-language-server	docker-language-server	lsp	docker	https://github.com/docker/docker-language-server	181	2026-06-22	Language server for Dockerfiles, Compose files, and Bake files.
npm:dockerfile-language-server-nodejs	dockerfile-language-server	lsp	docker	https://github.com/rcjsuen/dockerfile-language-server-nodejs	474	2025-10-15	A language server for Dockerfiles powered by Node.js, TypeScript, and VSCode technologies.
go:github.com/reteps/dockerfmt	dockerfmt	formatter	dockerfile	https://github.com/reteps/dockerfmt	609	2026-06-27	An opinionated Dockerfile formatter.
npm:doctoc	doctoc	formatter	markdown	https://github.com/thlorenz/doctoc	4458	2026-07-27	API and CLI for generating a markdown TOC (table of contents) for a README or any markdown files.
npm:dot-language-server	dot-language-server	lsp	dot	https://github.com/nikeee/dot-language-server	52	2026-08-01	A language server for the DOT language.
dotenv-linter	dotenv-linter	linter	dotenv	https://dotenv-linter.github.io/#/	-	-	⚡️Lightning-fast linter for .env files. Written in Rust 🦀
dprint	dprint	formatter,lsp	any	https://dprint.dev/	-	-	A pluggable and configurable code formatting platform written in Rust.
github:kiegroup/drools-lsp	drools-lsp	lsp	drools	https://github.com/kiegroup/drools-lsp	15	2026-07-25	An implementation of a language server for the Drools Rule Language.
unavailable:duster	duster	formatter,linter	php,blade	https://github.com/tighten/duster	600	2026-07-21	Automatic configuration for Laravel apps to apply Tighten's standard linting & code standards.
github:glehmann/earthlyls	earthlyls	lsp	earthly	https://github.com/glehmann/earthlyls	22	2026-07-27	A fast language server for earthly.
unavailable:easy-coding-standard	easy-coding-standard	formatter,linter	php	https://github.com/easy-coding-standard/easy-coding-standard	1619	2026-07-22	Use Coding Standard with 0-knowledge of PHP-CS-Fixer and PHP_CodeSniffer.
editorconfig-checker	editorconfig-checker	linter	any	https://github.com/editorconfig-checker/editorconfig-checker	632	2026-07-31	A tool to verify that your files are in harmony with your `.editorconfig`.
github:mattn/efm-langserver	efm	lsp	any	https://github.com/mattn/efm-langserver	1551	2026-07-08	General purpose Language Server.
elixir-ls	elixir-ls	lsp	elixir	https://github.com/elixir-lsp/elixir-ls	1769	2026-07-06	A frontend-independent IDE "smartness" server for Elixir. Implements the "Language Server Protocol" standard and provides debugger support via the "Debug Adapter Protocol".
npm:elm-format	elm-format	formatter	elm	https://github.com/avh4/elm-format	1333	2025-06-19	elm-format formats Elm source code according to a standard set of rules based on the official Elm Style Guide
npm:@elm-tooling/elm-language-server	elm-language-server	lsp	elm	https://github.com/elm-tooling/elm-language-server	444	2026-07-27	Language server implementation for Elm.
github:WhatsApp/erlang-language-platform	elp	lsp	erlang	https://github.com/WhatsApp/erlang-language-platform	416	2026-08-02	ELP integrates Erlang into modern IDEs via the language server protocol.
npm:@ember-tooling/ember-language-server	ember-language-server	lsp	ember	https://github.com/ember-tooling/ember-language-server	107	2026-08-01	Language Server Protocol implementation for Ember.js and Glimmer projects.
npm:@olrtg/emmet-language-server	emmet-language-server	lsp	emmet	https://github.com/olrtg/emmet-language-server	460	2026-01-24	A language server for emmet.io.
npm:emmet-ls	emmet-ls	lsp	emmet	https://github.com/aca/emmet-ls	404	2024-07-08	Emmet support based on LSP.
github:CppCXY/emmylua-analyzer-rust	emmylua_ls	lsp	lua	https://github.com/CppCXY/emmylua-analyzer-rust/tree/main/crates/emmylua_ls	-	-	The language server for Lua, offering extensive features for different Lua versions.
github:CppCXY/EmmyLuaCodeStyle	emmylua-codeformat	formatter	lua	https://github.com/CppCXY/EmmyLuaCodeStyle	170	2026-07-13	Fast, powerful, and feature-rich Lua formatting and checking tool.  This tool is already bundled with lua_ls, so you don’t need it if you’re using lua_ls.
gem:erb-formatter	erb-formatter	formatter	html,ruby	https://github.com/nebulab/erb-formatter	196	2025-06-19	Format ERB files with speed and precision.
gem:erb_lint	erb-lint	linter	html,ruby	https://github.com/Shopify/erb-lint	747	2026-04-20	erb-lint is a tool to help lint your ERB or HTML files using the included linters or by writing your own.
github:erg-lang/erg	erg	lsp	erg	https://github.com/erg-lang/erg	2860	2025-12-04	A statically typed language that can deeply improve the Python ecosystem.
github:erg-lang/erg-language-server	erg-language-server	lsp	erg	https://github.com/erg-lang/erg-language-server	9	2023-01-03	ELS is a language server for the Erg programing language.
github:erlang-ls/erlang_ls	erlang-ls	lsp	erlang	https://erlang-ls.github.io/	-	-	Erlang LS is a language server providing language features for the Erlang programming language. The server works with Emacs, VSCode, Sublime Text 3, Vim and probably many more text editors and IDE which adhere to the LSP protocol.
pipx:esbonio	esbonio	lsp	sphinx	https://pypi.org/project/esbonio/	-	-	A Language Server for Sphinx projects.
npm:eslint	eslint	linter	javascript,typescript	-	-	-	-
npm:eslint_d	eslint_d	linter	typescript,javascript	https://github.com/mantoni/eslint_d.js/	1218	2026-07-31	Makes eslint the fastest linter on the planet.
github:kaaveland/eugene	eugene	linter	sql	https://github.com/kaaveland/eugene	58	2026-03-11	Helps you write zero downtime schema migrations for postgres.
expert	expert	lsp	elixir	https://github.com/elixir-lang/expert	2029	2026-07-31	Expert is the official language server implementation for the Elixir programming language.
github:FacilityApi/FacilityLanguageServer	facility-language-server	lsp	facility service definition	https://facilityapi.github.io/	-	-	Facility Service Definition language. This version of Facility Service Definition requires dotnet (.NET 6.0) to be installed.
dotnet:fantomas	fantomas	formatter	f#	https://fsprojects.github.io/fantomas	-	-	Fantomas is an opinionated code formatter for F#.
cargo:fennel-language-server	fennel-language-server	lsp	fennel	https://github.com/rydesun/fennel-language-server	132	2023-08-28	Fennel language server protocol (LSP) support.
unavailable:fennel-ls	fennel-ls	lsp	fennel	https://git.sr.ht/~xerool/fennel-ls	-	-	Language Server for Fennel
pipx:findent	findent	formatter	fortran	https://pypi.org/project/findent/	-	-	findent indents/beautifies/converts and can optionally generate the dependencies of Fortran sources.
npm:fish-lsp	fish-lsp	lsp	fish	https://github.com/ndonfris/fish-lsp	316	2026-07-27	LSP implementation for the fish shell language
npm:fixjson	fixjson	formatter	json	https://github.com/rhysd/fixjson	163	2023-10-17	A JSON file fixer/formatter for humans using (relaxed) JSON5.
pipx:flake8	flake8	linter	python	https://github.com/PyCQA/flake8	3809	2026-07-14	flake8 is a python tool that glues together pycodestyle, pyflakes, mccabe, and third-party plugins to check the style and quality of some Python code.
pipx:flakeheaven	flakeheaven	linter	python	https://github.com/flakeheaven/flakeheaven	165	2023-04-10	flakeheaven is a python linter built around flake8 to enable inheritable and complex toml configuration.
cargo:flux-lsp	flux-lsp	lsp	flux	https://github.com/influxdata/flux-lsp	30	2025-04-17	Implementation of Language Server Protocol for the Flux language.
npm:foam-language-server	foam-language-server	lsp	openfoam	https://github.com/FoamScience/foam-language-server	33	2026-07-26	A language server for OpenFOAM case files.
github:PlasmaFAIR/fortitude	fortitude	linter	fortran	https://github.com/PlasmaFAIR/fortitude	211	2026-07-31	Fortran linter, written in Rust.
pipx:fortls	fortls	lsp	fortran	https://github.com/gnikit/fortls	338	2026-07-13	fortls - Fortran Language Server.
github:fourmolu/fourmolu	fourmolu	formatter	haskell	https://hackage.haskell.org/package/fourmolu	-	-	A fork of Ormolu that uses four space indentation and allows arbitrary configuration.
pipx:fprettify	fprettify	formatter	fortran	https://pypi.org/project/fprettify	-	-	fprettify is an auto-formatter for modern Fortran code that imposes strict whitespace formatting, written in Python.
dotnet:fsautocomplete	fsautocomplete	lsp	f#	https://github.com/fsharp/FsAutoComplete	487	2026-07-29	F# language server using Language Server Protocol.
go:github.com/daixiang0/gci	gci	formatter	go	https://pkg.go.dev/github.com/daixiang0/gci	-	-	GCI, a tool that control golang package import order and make it always deterministic.
github:GDQuest/GDScript-formatter	gdscript-formatter	formatter	gdscript	https://www.gdquest.com/library/gdscript_formatter	-	-	A faster code formatter for GDScript and Godot 4.
pipx:gdtoolkit	gdtoolkit	linter,formatter	gdscript	https://github.com/Scony/godot-gdscript-toolkit	1584	2025-10-09	A set of tools for daily work with GDScript.
pipx:gersemi	gersemi	formatter	cmake	https://github.com/BlankSpruce/gersemi	339	2026-07-21	gersemi - A formatter to make your CMake code the real treasure.
npm:@actions/languageserver	gh-actions-language-server	lsp	yaml	https://github.com/actions/languageservices	190	2026-07-30	GitHub Actions Language Server
github:Schottkyc137/ginko	ginko_ls	lsp	dts	https://github.com/Schottkyc137/ginko	26	2024-11-12	ginko_ls is meant to be a feature-complete language server for device-trees. Language servers can be used in many editors, such as Visual Studio Code, Emacs or Vim
cargo:gitlab-ci-ls	gitlab-ci-ls	lsp	yaml	https://github.com/alesbrelih/gitlab-ci-ls	144	2026-07-27	An experimental language server for Gitlab CI.
gitleaks	gitleaks	linter	any	https://github.com/gitleaks/gitleaks	28447	2026-07-29	Gitleaks helps you protect and discover secrets in git repositories.
pipx:gitlint	gitlint	linter	any	https://jorisroovers.com/gitlint/	-	-	Gitlint is a git commit message linter written in Python: it checks your commit messages for style.
npm:@glint/core	glint	lsp,linter	handlebars,glimmer,typescript,javascript	https://typed-ember.gitbook.io/glint/	-	-	Glint is a set of tools to aid in developing code that uses the Glimmer VM for rendering, such as Ember.js v3.24+ and GlimmerX projects. Similar to Vetur for Vue projects or Svelte Language Tools, Glint consists of a CLI and a language server to provide feedback and enforce correctness both locally during editing and project-wide in CI.
github:nolanderc/glsl_analyzer	glsl_analyzer	lsp	opengl	https://github.com/nolanderc/glsl_analyzer	376	2025-10-22	Language server for GLSL (autocomplete, goto-definition, formatter, and more)
github:svenstaro/glsl-language-server	glslls	lsp	glsl	https://github.com/svenstaro/glsl-language-server	199	2024-07-25	Language server implementation for GLSL.
github:google/gn-language-server	gn-language-server	lsp	gn	https://github.com/google/gn-language-server	29	2026-03-14	A language server for GN, the build configuration language used in Chromium, Fuchsia, and other projects.
gofumpt	gofumpt	formatter	go	https://pkg.go.dev/mvdan.cc/gofumpt	-	-	A stricter gofmt.
go:golang.org/x/tools	goimports	formatter	go	https://pkg.go.dev/golang.org/x/tools/cmd/goimports	-	-	A golang formatter which formats your code in the same style as gofmt and additionally updates your Go import lines, adding missing ones and removing unreferenced ones.
go:github.com/incu6us/goimports-reviser/v3	goimports-reviser	formatter	go	https://github.com/incu6us/goimports-reviser	715	2026-02-24	Tool for Golang to sort goimports by 3-4 groups: std, general, company (optional), and project dependencies. Also, formatting for your code will be prepared (so, you don't need to use gofmt or goimports separately). Use additional option -rm-unused to remove unused imports and -set-alias to rewrite import aliases for versioned packages.
golangci-lint	golangci-lint	linter	go	https://golangci-lint.run/	-	-	golangci-lint is a fast Go linters runner. It runs linters in parallel, uses caching, supports yaml config, has integrations with all major IDE and has dozens of linters included.
golangci-lint-langserver	golangci-lint-langserver	lsp	go	https://github.com/nametake/golangci-lint-langserver	342	2026-02-23	golangci-lint language server.
golines	golines	formatter	go	https://github.com/segmentio/golines	1129	2025-12-19	A golang formatter that fixes long lines.
go:github.com/fatih/gomodifytags	gomodifytags	formatter	go	https://github.com/fatih/gomodifytags	2389	2025-04-23	Go tool to modify/update field tags in structs.
google-java-format	google-java-format	formatter	java	https://github.com/google/google-java-format	6171	2026-08-01	google-java-format is a program that reformats Java source code to comply with Google Java Style.
go:golang.org/x/tools/gopls	gopls	lsp	go	https://pkg.go.dev/golang.org/x/tools/gopls	-	-	gopls (pronounced "Go please") is the official Go language server developed by the Go team. It provides IDE features to any LSP-compatible editor.
go:github.com/kortschak/gospel	gospel	linter	go	https://github.com/kortschak/gospel	42	2025-03-23	misspelled word linter for Go comments, string literals and embedded files.
go:github.com/cweill/gotests	gotests	formatter	go	https://github.com/cweill/gotests	5326	2025-10-30	Gotests is a Golang commandline tool that generates table driven tests based on its target source files' function and method signatures.
unavailable:gradle-language-server	gradle-language-server	lsp	gradle	https://github.com/microsoft/vscode-gradle	174	2026-07-28	Gradle language server.
npm:grammarly-languageserver	grammarly-languageserver	lsp	markdown,text	https://github.com/znck/grammarly	1637	2023-12-17	DEPRECATED: Repo archived in 2024. — A language server implementation on top of Grammarly's SDK.
npm:graphql-language-service-cli	graphql-language-service-cli	lsp	graphql	https://www.npmjs.com/package/graphql-language-service-cli	-	-	GraphQL Language Service provides an interface for building GraphQL language services for IDEs.
github:GroovyLanguageServer/groovy-language-server	groovy-language-server	lsp	groovy	https://github.com/GroovyLanguageServer/groovy-language-server	235	2026-05-19	A language server for Groovy.
hadolint	hadolint	linter	docker	https://github.com/hadolint/hadolint	12330	2026-07-31	Dockerfile linter, validate inline bash, written in Haskell.
gem:haml_lint	haml-lint	linter	haml	https://github.com/sds/haml-lint	338	2026-08-01	haml-lint is a tool to help keep your HAML files clean and readable. In addition to HAML-specific style and lint checks, it integrates with RuboCop to bring its powerful static analysis tools to your HAML documents.
harper-ls	harper-ls	lsp	any	https://github.com/elijah-potter/harper	14117	2026-08-01	The Grammar Checker for Developers.
unavailable:haskell-language-server	haskell-language-server	lsp	haskell	https://haskell-language-server.readthedocs.io/en/latest/	-	-	Official Haskell Language Server implementation.
unavailable:haxe-language-server	haxe-language-server	lsp	haxe	https://github.com/vshaxe/haxe-language-server	124	2026-07-05	Language Server Protocol implementation for the Haxe language.
go:github.com/hashicorp/hcl/v2	hclfmt	formatter	hcl	https://github.com/hashicorp/hcl	5803	2026-08-01	A command to format HCL files
pipx:hdl-checker	hdl-checker	lsp	vhdl,verilog,systemverilog	https://pypi.org/project/hdl-checker/	-	-	HDL Checker is a language server that wraps VHDL/Verilg/SystemVerilog tools that aims to reduce the boilerplate code needed to set things up
helm-ls	helm-ls	lsp	helm	https://github.com/mrjosh/helm-ls	418	2025-12-24	A language server that offers Helm support in early development - programmed in Go.
npm:@herb-tools/language-server	herb-language-server	lsp	html,ruby	https://github.com/marcoroth/herb	1276	2026-08-02	Powerful and seamless HTML-aware ERB parsing and tooling.
hlint	hlint	linter	haskell	https://github.com/ndmitchell/hlint	1600	2026-07-27	HLint is a tool for suggesting possible improvements to Haskell code. These suggestions include ideads such as using alternative functions, simplifying code and spotting redundancies.
npm:@urbit/hoon-language-server	hoon-language-server	lsp	hoon	https://github.com/urbit/hoon-language-server	45	2026-04-02	Language Server for Hoon. Middleware to translate between the Language Server Protocol and your Urbit.
gem:htmlbeautifier	htmlbeautifier	formatter	html,ruby	https://github.com/threedaymonk/htmlbeautifier	373	2024-02-13	A normaliser/beautifier for HTML that also understands embedded Ruby. Ideal for tidying up Rails templates.
npm:htmlhint	htmlhint	linter	html	https://htmlhint.com	-	-	The Static Code Analysis Tool for your HTML
cargo:htmx-lsp	htmx-lsp	lsp	htmx	https://github.com/ThePrimeagen/htmx-lsp	707	2025-10-18	An experimental LSP for HTMX.
pipx:hydra-lsp	hydra-lsp	lsp	yaml	https://github.com/Retsediv/hydra-lsp	14	2025-08-13	LSP for Hydra config files
github:hylo-lang/hylo-language-server	hylo-language-server	lsp	hylo	https://github.com/hylo-lang/hylo-language-server	1	2026-07-28	hylo-language-server is an implementation of the Language Server Protocol for the Hylo programming language that provides features like semantic highlighting, go-to-definition, and more.
github:hyprland-community/hyprls	hyprls	lsp	hypr	https://github.com/hyprland-community/hyprls	331	2026-07-20	A LSP server for Hyprland config files
npm:intelephense	intelephense	lsp	php	https://intelephense.com	-	-	Professional PHP tooling for any Language Server Protocol capable editor.
pipx:isort	isort	formatter	python	https://pypi.org/project/isort/	-	-	isort is a Python utility / library to sort imports alphabetically.
github:georgewfraser/java-language-server	java-language-server	lsp	java	https://github.com/georgewfraser/java-language-server	809	2026-07-18	Java language server using the Java compiler API.
github:jvalue/jayvee	jayvee-language-server	lsp	jayvee	https://jvalue.github.io/jayvee/	-	-	Jayvee is a domain-specific language and runtime for automated processing of data pipelines.
github:eclipse-jdtls/eclipse.jdt.ls	jdtls	lsp	java	https://github.com/eclipse/eclipse.jdt.ls	2414	2026-07-31	Java language server.
pipx:jedi-language-server	jedi-language-server	lsp	python	https://github.com/pappasam/jedi-language-server	730	2026-06-23	A Python language server exclusively for Jedi. If Jedi supports it well, this language server should too.
github:uros-5/jinja-lsp	jinja-lsp	lsp,linter	django,jinja,nunjucks	https://github.com/uros-5/jinja-lsp	174	2026-07-04	Experimental jinja lsp server, with autocomplete, syntax highlighting, hover, goto definition, code actions and linting.
github:idelice/jls	jls	lsp	java	https://github.com/idelice/jls	128	2026-07-31	Java language server using Java compiler API, optimized for Neovim.
github:candid82/joker	joker	formatter,linter	clojure,clojurescript	https://github.com/candid82/joker	1767	2026-07-07	Small Clojure interpreter, linter and formatter.
jq	jq	formatter	json	https://github.com/stedolan/jq	35312	2026-07-26	Command-line JSON processor.
go:github.com/wader/jq-lsp	jq-lsp	lsp	jq	https://github.com/wader/jq-lsp	132	2026-07-20	jq-lsp is a language server for the jq language, developed by Mattias Wadman. It provides IDE features to any LSP-compatible editor.
pipx:json-repair	json-repair	formatter	python	https://pypi.org/project/json-repair/	-	-	A package to repair broken json strings
github:ajuvercr/jsonld-lsp	jsonld-lsp	lsp	json-ld	https://ajuvercr.github.io/jsonld-lsp/	-	-	JSON-LD Language Server.
npm:jsonlint	jsonlint	linter	json	https://github.com/zaach/jsonlint	1989	2022-07-12	A pure JavaScript version of the service provided at jsonlint.com.
go:github.com/grafana/jsonnet-language-server	jsonnet-language-server	lsp	jsonnet	https://github.com/grafana/jsonnet-language-server	222	2026-07-30	A Language Server Protocol (LSP) server for Jsonnet (https://jsonnet.org).
go:github.com/google/go-jsonnet	jsonnetfmt	formatter	jsonnet	https://github.com/google/go-jsonnet/tree/master/cmd/jsonnetfmt	-	-	jsonnetfmt is a command line tool to format jsonnetfmt files.
github:mason-org/julia-lsp	julia-lsp	lsp	julia	https://github.com/julia-vscode/LanguageServer.jl	410	2026-07-27	An implementation of the Microsoft Language Server Protocol for the Julia language.
pipx:jupytext	jupytext	formatter	python,julia,r,markdown	https://jupytext.readthedocs.io	-	-	Jupyter Notebooks as Markdown Documents, Julia, Python or R scripts
github:terror/just-lsp	just-lsp	lsp	just	https://github.com/terror/just-lsp/releases	-	-	just-lsp is a server implementation of the language server protocol for just, the command runner.
github:atusy/kakehashi	kakehashi	lsp	any	https://github.com/atusy/kakehashi	261	2026-08-01	Language server that bridges the gap between languages, editors, and tooling
kcl	kcl	formatter,lsp,linter	kcl	https://kcl-lang.io	-	-	KCL is an open-source, constraint-based record and functional language that enhances the writing of complex configurations, including those for cloud-native scenarios.
github:hougesen/kdlfmt	kdlfmt	formatter	kdl	https://github.com/hougesen/kdlfmt	107	2026-08-01	A code formatter for KDL documents.
github:Hessesian/kmp-lsp	kmp-lsp	lsp	kotlin,java,swift	https://github.com/Hessesian/kmp-lsp	150	2026-08-02	Kotlin Multiplatform Language Server
npm:kos-language-server	kos-language-server	lsp,linter,formatter	kerboscript	https://github.com/jonnyboyC/kos-language-server	32	2026-02-07	Language Server for Kerboscript from the kOS Kerbal Space Program mod.
github:fwcd/kotlin-language-server	kotlin-language-server	lsp	kotlin	https://github.com/fwcd/kotlin-language-server	2040	2025-06-02	Kotlin code completion, linting and more for any editor/IDE using the Language Server Protocol.
unavailable:kotlin-lsp	kotlin-lsp	lsp	kotlin	https://github.com/Kotlin/kotlin-lsp	3443	2026-08-02	Kotlin Language Server and plugin for Visual Studio Code
github:facebook/ktfmt	ktfmt	formatter	kotlin	https://github.com/facebook/ktfmt	1288	2026-08-01	A program that reformats Kotlin source code to comply with the common community conventions.
ktlint	ktlint	formatter,linter	kotlin	https://github.com/pinterest/ktlint	6728	2026-08-02	An anti-bikeshedding Kotlin linter with built-in formatter.
kube-linter	kube-linter	linter	helm,yaml	https://docs.kubelinter.io	-	-	KubeLinter is a static analysis tool that checks Kubernetes YAML files and Helm charts to ensure the applications represented in them adhere to best practices.
github:kubescape/kubescape	kubescape	linter	helm,yaml	https://kubescape.io/	-	-	Kubescape is an open-source Kubernetes security platform for your IDE, CI/CD pipelines, and clusters. It includes risk analysis, security, compliance, and misconfiguration scanning, saving Kubernetes users and administrators precious time, effort, and resources.
npm:@mistweaverco/kulala-fmt	kulala-fmt	formatter,linter	http	https://github.com/mistweaverco/kulala-fmt	96	2026-07-24	kulala-fmt An opinionated .http and .rest files linter and formatter.
npm:language-server-bitbake	language-server-bitbake	lsp	bitbake	https://github.com/yoctoproject/vscode-bitbake	69	2026-08-01	A language server for BitBake.
github:laravel-ls/laravel-ls	laravel-ls	lsp	php	https://github.com/laravel-ls/laravel-ls	250	2026-07-13	Laravel Language Server written in go.
github:cmhughes/latexindent.pl	latexindent	formatter	latex	https://github.com/cmhughes/latexindent.pl	1052	2026-07-22	latexindent.pl is a perl script to beautify/tidy/format/indent (add horizontal leading space to) code within environments, commands, after headings and within special code blocks.
npm:lean-language-server	lean-language-server	lsp	lean 3	https://www.npmjs.com/package/lean-language-server	-	-	Lean3 Language Server.
cargo:lelwel	lelwel	lsp	lelwel	https://github.com/0x2a-42/lelwel	197	2026-04-16	LL(1) parser generator for Rust.
github:redhat-developer/vscode-xml	lemminx	lsp	xml	https://github.com/eclipse/lemminx	362	2026-07-30	XML Language Server.
github:lexical-lsp/lexical	lexical	lsp	elixir	https://github.com/lexical-lsp/lexical	957	2025-02-18	Lexical is a next-generation elixir language server
github:huggingface/llm-ls	llm-ls	lsp	any	https://github.com/huggingface/llm-ls	880	2026-05-26	LSP server leveraging AI/LLMs based for code completion.
github:valentjn/ltex-ls	ltex-ls	lsp	text,markdown,latex,restructuredtext	https://valentjn.github.io/ltex/	-	-	LTeX Language Server: LSP language server for LanguageTool 🔍✔️ with support for LaTeX 🎓, Markdown 📝, and others.
github:ltex-plus/ltex-ls-plus	ltex-ls-plus	lsp	text,markdown,latex,restructuredtext	https://ltex-plus.github.io/ltex-plus/	-	-	LTeX Language Server+: LSP language server for LanguageTool 🔍✔️ with support for LaTeX 🎓, Markdown 📝, and others.
lua-language-server	lua-language-server	lsp	lua	https://github.com/LuaLS/lua-language-server	4330	2026-06-29	A language server that offers Lua language support - programmed in Lua.
unavailable:luacheck	luacheck	linter	lua	https://github.com/lunarmodules/luacheck	454	2026-07-31	A tool for linting and static analysis of Lua code.
unavailable:luaformatter	luaformatter	formatter	lua	https://github.com/Koihik/LuaFormatter	804	2023-08-25	Code formatter for Lua.
github:JohnnyMorganz/luau-lsp	luau-lsp	lsp	luau	https://github.com/JohnnyMorganz/luau-lsp	514	2026-08-01	An implementation of a language server for the Luau programming language.
npm:@salesforce/lwc-language-server	lwc-language-server	lsp	html,javascript	https://github.com/forcedotcom/lightning-language-server/	35	2026-03-27	Language Server for Lightning Web Components.
npm:m68k-lsp-server	m68k-lsp-server	lsp	m68k	https://github.com/grahambates/m68k-lsp	34	2025-03-12	Language Server Protocol implementation for Motorola 68000 assembly
aqua:Feel-ix-343/markdown-oxide	markdown-oxide	lsp	markdown	https://github.com/Feel-ix-343/markdown-oxide	2251	2026-08-01	Markdown language server with advanced linking support made to be completely compatible with Obsidian; An Obsidian Language Server.
npm:markdown-toc	markdown-toc	formatter	markdown	https://github.com/jonschlinkert/markdown-toc	1755	2024-08-09	API and CLI for generating a markdown TOC (table of contents) for a README or any markdown files.
npm:markdownlint-cli	markdownlint	linter,formatter	markdown	https://github.com/igorshubovych/markdownlint-cli	1083	2026-07-26	A Node.js style checker and lint tool for Markdown/CommonMark files.
markdownlint-cli2	markdownlint-cli2	linter,formatter	markdown	https://github.com/DavidAnson/markdownlint-cli2	889	2026-07-30	A fast, flexible, configuration-based command-line interface for linting Markdown/CommonMark files with the markdownlint library
npm:@marko/language-server	marko-language-server	lsp	marko	https://github.com/marko-js/language-server	44	2026-07-31	A language server (implementing the language server protocol) for Marko.
marksman	marksman	lsp	markdown	https://github.com/artempyanykh/marksman	3287	2026-02-08	Markdown LSP server providing completion, cross-references, diagnostics, and more.
npm:markuplint	markuplint	linter	html	https://markuplint.dev	-	-	An HTML linter for all markup developers.
github:mathworks/MATLAB-language-server	matlab-language-server	lsp	matlab	https://github.com/mathworks/MATLAB-language-server	121	2026-07-28	Language Server Protocol implementation for the MATLAB language.
pipx:mbake	mbake	formatter,linter	makefile	https://github.com/EbodShojaei/bake	756	2026-07-22	Makefile formatter and linter.
pipx:mdformat	mdformat	formatter	markdown	https://github.com/executablebooks/mdformat	802	2026-07-27	CommonMark compliant Markdown formatter.
cargo:mdsf	mdsf	formatter	markdown	https://github.com/hougesen/mdsf	111	2026-08-02	Format markdown code blocks using your favorite code formatters.
github:razziel89/mdslw	mdslw	formatter	markdown	https://github.com/razziel89/mdslw	34	2026-07-28	The MarkDown Sentence Line Wrapper, an auto-formatter that prepares your markdown for easy diff'ing.
npm:@mdx-js/language-server	mdx-analyzer	lsp	mdx	https://github.com/mdx-js/mdx-analyzer/tree/main/packages/language-server	-	-	This package provides a language server for MDX. The language server provides IntelliSense based on TypeScript, as well as some markdown specific features.
github:JCWasmx86/mesonlsp	mesonlsp	lsp	meson	https://github.com/JCWasmx86/mesonlsp	94	2026-07-23	An unofficial, unendorsed language server for meson written in C++
github:digama0/mm0	metamath-zero-lsp	lsp	metamath zero	https://github.com/digama0/mm0	408	2026-08-02	An MM0/MM1 server written in Rust.
github:azdavis/millet	millet	lsp	standard ml	https://github.com/azdavis/millet	252	2026-07-05	A language server for Standard ML.
pipx:miss-hit	miss_hit	formatter,linter	matlab,octave	https://misshit.org	-	-	Free and open source code quality tools for MATLAB and Octave.
go:github.com/client9/misspell	misspell	linter	any	https://github.com/client9/misspell	1405	2024-06-12	Correct commonly misspelled English words in source files.
unavailable:motoko-lsp	motoko-lsp	lsp	motoko	https://github.com/dfinity/vscode-motoko	46	2026-07-31	Language server for the Motoko programming language.
cargo:move-analyzer	move-analyzer	lsp	move	https://github.com/move-language/move	2331	2024-05-04	move-analyzer is a language server implementation for the Move programming language.
github:mhersson/mpls	mpls	lsp	markdown	https://github.com/mhersson/mpls	218	2026-07-22	Markdown Preview Language Server
pipx:mutt-language-server	mutt-language-server	lsp	python	https://github.com/neomutt/mutt-language-server	22	2026-07-27	A language server for (neo)mutt's muttrc.
pipx:mypy	mypy	linter	python	https://github.com/python/mypy	20566	2026-08-01	Mypy is a static type checker for Python.
github:neocmakelsp/neocmakelsp	neocmakelsp	lsp	cmake	https://github.com/neocmakelsp/neocmakelsp	420	2026-08-01	CMake LSP implementation based on Tower and Tree-sitter.
github:nextflow-io/language-server	nextflow-language-server	lsp	nextflow	https://github.com/nextflow-io/language-server	31	2026-07-28	A language server for Nextflow.
github:elixir-tools/next-ls	nextls	lsp	elixir	https://www.elixir-tools.dev/next-ls/	-	-	NextLS is the language server for Elixir that just works.
pipx:nginxfmt	nginx-config-formatter	formatter	nginx	https://github.com/slomkowski/nginx-config-formatter	424	2026-03-09	nginx config file formatter/beautifier written in Python with no additional dependencies.
pipx:nginx-language-server	nginx-language-server	lsp	nginx	https://github.com/pappasam/nginx-language-server	107	2025-04-18	A language server for nginx configuration files.
cargo:nickel-lang-lsp	nickel-lang-lsp	lsp	nickel	https://nickel-lang.org/	-	-	The Nickel Language Server (NLS) is a language server for the Nickel programming language. NLS offers error messages, type hints, and auto-completion right in your favorite LSP-enabled editor.
github:oxalica/nil	nil	lsp	nix	https://github.com/oxalica/nil	1880	2026-07-26	Language Server for Nix.
go:go.uber.org/nilaway	nilaway	linter	go	https://github.com/uber-go/nilaway	3877	2026-08-02	NilAway is a static analysis tool that seeks to help developers avoid nil panics in production by catching them at compile time rather than at runtime.
github:nim-lang/langserver	nimlangserver	lsp	nim	https://github.com/nim-lang/langserver	310	2026-07-28	The Nim language server implementation (based on nimsuggest)
github:PMunch/nimlsp	nimlsp	lsp	nim	https://github.com/PMunch/nimlsp	445	2026-02-09	Language Server Protocol implementation for Nim.
github:NixOS/nixfmt	nixfmt	formatter	nix	https://github.com/NixOS/nixfmt	1569	2026-07-29	The official formatter for Nix code
cargo:nixpkgs-fmt	nixpkgs-fmt	formatter	nix	https://github.com/nix-community/nixpkgs-fmt	556	2024-07-24	Nix code formatter for nixpkgs
nomad	nomad	formatter,linter	nomad	https://www.nomadproject.io/	-	-	Nomad is an easy-to-use, flexible, and performant workload orchestrator that can deploy a mix of microservice, batch, containerized, and non-containerized applications. Nomad is easy to operate and scale and has native Consul and Vault integrations.
npm:@nomicfoundation/solidity-language-server	nomicfoundation-solidity-language-server	lsp	solidity	https://github.com/NomicFoundation/hardhat-vscode	211	2026-05-20	Solidity language server by NomicFoundation
npm:npm-groovy-lint	npm-groovy-lint	linter,formatter	groovy	https://github.com/nvuillam/npm-groovy-lint	247	2026-08-02	Lint, format and auto-fix your Groovy / Jenkinsfile / Gradle files using command line.
github:nokia/ntt	ntt	lsp	ttcn-3	https://nokia.github.io/ntt/	-	-	Modern tools for TTCN-3
npm:nxls	nxls	lsp	json	https://github.com/nrwl/nx-console/tree/master/apps/nxls	-	-	A language server that provides code completion and more for Nx workspaces.
unavailable:ocaml-lsp	ocaml-lsp	lsp	ocaml	https://github.com/ocaml/ocaml-lsp	909	2026-08-02	OCaml Language Server Protocol implementation.
unavailable:ocamlformat	ocamlformat	formatter	ocaml	https://github.com/ocaml-ppx/ocamlformat	-	-	ocamlformat is a tool for formatting OCaml code. It automatically adjusts the layout of your code to follow the recommended style guidelines, making it easier to read and understand.
pipx:oelint-adv	oelint-adv	linter	bitbake	https://github.com/priv-kweihmann/oelint-adv	86	2026-07-28	Linter for bitbake recipes.
github:DanielGavin/ols	ols	lsp,formatter	odin	https://github.com/DanielGavin/ols	1124	2026-08-02	Language server for Odin. This project is still in early development.
github:OmniSharp/omnisharp-roslyn	omnisharp	lsp	csharp	-	-	-	-
github:OmniSharp/omnisharp-roslyn	omnisharp-mono	lsp	c#	https://github.com/OmniSharp/omnisharp-roslyn	2054	2026-05-25	OmniSharp language server based on Roslyn workspaces. This version of Omnisharp requires Mono to be installed on Linux & macOS.
opa	opa	linter,formatter	rego	https://github.com/open-policy-agent/opa	12061	2026-08-01	Open Policy Agent (OPA) is an open source, general-purpose policy engine.
github:Galarius/opencl-language-server	opencl-language-server	lsp	opencl	https://github.com/Galarius/opencl-language-server	14	2026-07-05	Provides an OpenCL kernel diagnostics.
github:vscode-abl/vscode-abl	openedge-language-server	lsp	progress,openedge	https://github.com/vscode-abl/vscode-abl	52	2026-07-29	OpenEdge Language Server.
cargo:openscad-language-server	openscad-language-server	lsp	openscad	https://github.com/dzhu/openscad-language-server	29	2022-09-03	A Language Server Protocol server for OpenSCAD
cargo:openscad-lsp	openscad-lsp	lsp	openscad	https://github.com/Leathong/openscad-LSP	163	2026-07-03	Language Server Protocol implementation for OpenSCAD, written in Rust.
ormolu	ormolu	formatter	haskell	https://hackage.haskell.org/package/ormolu	-	-	A formatter for Haskell source code.
oxfmt	oxfmt	formatter	angular,css,flow,graphql,html,json,jsx,javascript,less,markdown,scss,typescript,vue,yaml	https://oxc.rs/docs/guide/usage/formatter	-	-	Prettier-compatible code formatter powered by Oxc
oxlint	oxlint	lsp,linter	javascript,typescript	https://github.com/oxc-project/oxc	22201	2026-08-02	High-performance linter for JavaScript and TypeScript written in Rust.
unavailable:palantir-java-format	palantir-java-format	formatter	java	https://github.com/palantir/palantir-java-format	856	2026-08-02	A modern, lambda-friendly, 120 character Java formatter.
github:jolars/panache	panache	lsp,formatter,linter	markdown,quarto,r markdown	https://panache.bz	-	-	An LSP, formatter, and linter for Markdown, Quarto, and R Markdown.
cargo:pbls	pbls	lsp	protobuf	https://git.sr.ht/~rrc/pbls	-	-	A language server implementation for Google Protocol Buffers.
npm:perlnavigator-server	perlnavigator	lsp	perl	https://github.com/bscan/PerlNavigator	268	2026-07-18	Perl Language Server that includes perl critic and code navigation.
cargo:pest-language-server	pest-language-server	lsp	pest	https://github.com/pest-parser/pest-ide-tools	69	2026-06-12	A language server for Pest grammar.
github:darold/pgformatter	pgformatter	formatter	postgres,sql	http://sqlformat.darold.net	-	-	PostgreSQL SQL syntax beautifier
github:PHP-CS-Fixer/PHP-CS-Fixer	php-cs-fixer	formatter	php	https://github.com/PHP-CS-Fixer/PHP-CS-Fixer	13547	2026-07-31	The PHP Coding Standards Fixer (PHP CS Fixer) tool fixes your code to follow standards; whether you want to follow PHP coding standards as defined in the PSR-1, PSR-2, etc., or other community driven ones like the Symfony one. You can also define your (team's) style through configuration.
github:phpactor/phpactor	phpactor	lsp	php	https://phpactor.readthedocs.io/en/master/	-	-	Phpactor is an intelligent Completion and Refactoring tool for PHP which is available over it’s own RPC protocol and as a Language Server.
github:PHPantom-dev/phpantom_lsp	phpantom_lsp	lsp	php	https://github.com/PHPantom-dev/phpantom_lsp	1058	2026-08-02	A lightweight PHP language server with deep type intelligence — generics, Laravel support, and PHPStan annotations. Written in Rust for fast startup and low memory use.
github:PHPCSStandards/PHP_CodeSniffer	phpcbf	formatter	php	https://github.com/PHPCSStandards/PHP_CodeSniffer	1537	2026-08-02	phpcbf automatically corrects coding standard violations that would be detected by phpcs.
github:phpmd/phpmd	phpmd	linter	php	https://github.com/phpmd/phpmd	2440	2026-08-02	PHPMD is a spin-off project of PHP Depend and aims to be a PHP equivalent of the well known Java tool PMD. PHPMD can be seen as an user friendly frontend application for the raw metrics stream measured by PHP Depend.
github:phpstan/phpstan	phpstan	linter	php	https://github.com/phpstan/phpstan	14053	2026-08-01	PHP Static Analysis Tool - discover bugs in your code without running it!
github:japhib/pico8-ls	pico8-ls	lsp	pico-8	https://github.com/japhib/pico8-ls	112	2026-07-31	Full language support for the PICO-8 dialect of Lua.
pint	pint	formatter	php	https://laravel.com/docs/pint	-	-	Laravel Pint is an opinionated PHP code style fixer for minimalists.
github:apple/pkl-lsp	pkl-lsp	lsp	pkl	https://github.com/apple/pkl-lsp	89	2026-07-15	Language server for Pkl, implementing the server-side of the Language Server Protocol.
github:supabase-community/postgres-language-server	postgres-language-server	lsp,linter	postgres,sql	https://pg-language-server.com	-	-	A collection of language tools and a Language Server Protocol (LSP) implementation for Postgres, focusing on developer experience and reliable SQL tooling.
github:PowerShell/PowerShellEditorServices	powershell-editor-services	lsp	powershell	https://github.com/PowerShell/PowerShellEditorServices	760	2026-06-26	A common platform for PowerShell development support in any editor or application.
prettier	prettier	formatter	javascript,typescript,css,html,json,yaml,markdown	https://prettier.io	-	-	Prettier is an opinionated code formatter.
npm:@fsouza/prettierd	prettierd	formatter	angular,css,flow,graphql,html,json,jsx,javascript,less,markdown,scss,typescript,vue,yaml	https://github.com/fsouza/prettierd	993	2026-07-27	Prettier, as a daemon, for ludicrous formatting speed.
github:lkrms/pretty-php	pretty-php	formatter	php	https://github.com/lkrms/pretty-php	150	2025-12-10	The opinionated PHP code formatter
npm:prettydiff	prettydiff	formatter	html	https://github.com/prettydiff/prettydiff	1772	2023-08-14	Beautifier and language aware code comparison tool for many languages. It also minifies and a few other things.
cargo:prettypst	prettypst	formatter	typst	https://github.com/antonWetzel/prettypst	53	2026-07-22	Formatter for Typst
npm:@prisma/language-server	prisma-language-server	lsp	prisma	https://github.com/prisma/language-tools	295	2026-07-31	Any editor that is compatible with the Language Server Protocol can create clients that can use the features provided by this language server.
github:cloudflare/pint	prometheus-pint	linter	promql	https://cloudflare.github.io/pint/	-	-	Prometheus rule linter/validator
pipx:proselint	proselint	linter	text,markdown	https://github.com/amperser/proselint	4555	2026-07-24	proselint is a linter for English prose. It places the world's greatest writers and editors by your side, where they whisper suggestions on how to improve your prose.
github:kitten/prosemd-lsp	prosemd-lsp	lsp	markdown	https://github.com/kitten/prosemd-lsp	179	2023-03-26	An experimental proofreading and linting language server for markdown files.
protolint	protolint	linter	protobuf	https://github.com/yoheimuta/protolint	696	2026-05-27	protolint is the pluggable linting/fixing utility for Protocol Buffer files (proto2+proto3).
github:coder3101/protols	protols	lsp	protobuf	https://github.com/coder3101/protols	194	2026-08-02	A Simple LSP for proto3 protobuf files.
unavailable:psalm	psalm	lsp	php	https://psalm.dev/	-	-	A static analysis tool for finding errors in PHP applications.
github:opa-oz/pug-lsp	pug-lsp	lsp	pug	https://github.com/opa-oz/pug-lsp	11	2025-08-23	An implementation of the Language Protocol Server for [Pug.js](http://pugjs.org)
github:puppetlabs/puppet-editor-services	puppet-editor-services	lsp	puppet	https://github.com/puppetlabs/puppet-editor-services	52	2025-09-30	Puppet Language Server for editors.
npm:purescript-language-server	purescript-language-server	lsp	purescript	https://github.com/nwolverson/purescript-language-server	200	2026-05-02	Node-based Language Server Protocol server for PureScript based on the PureScript IDE server (aka psc-ide / purs ide server). Used as the vscode plugin backend but should be compatible with other Language Server Client implementations.
npm:purs-tidy	purescript-tidy	formatter	purescript	https://github.com/natefaubion/purescript-tidy	101	2025-10-13	A syntax tidy-upper (formatter) for PureScript.
pipx:pydoclint	pydoclint	linter	python	https://github.com/jsh9/pydoclint	217	2026-07-03	A very fast Python docstring linter.
pipx:pydocstyle	pydocstyle	linter	python	https://www.pydocstyle.org/	-	-	pydocstyle is a static analysis tool for checking compliance with Python docstring conventions.
pipx:pyflakes	pyflakes	linter	python	https://pypi.org/project/pyflakes/	-	-	A simple program which checks Python source files for errors. Pyflakes analyzes programs and detects various errors. It works by parsing the source file, not importing it, so it is safe to use on modules with side effects. It’s also much faster.
pipx:pyink	pyink	formatter	python	https://pypi.org/project/pyink/	-	-	Pyink is a Python formatter, forked from Black with a few different formatting behaviors.
pipx:pylama	pylama	linter	python	https://klen.github.io/pylama/	-	-	Code audit tool for Python.
pipx:pylint	pylint	linter	python	https://pypi.org/project/pylint/	-	-	Pylint is a static code analyser for Python 2 or 3.
github:mtshiba/pylyzer	pylyzer	lsp	python	https://github.com/mtshiba/pylyzer	2860	2025-05-10	A fast static code analyzer & language server for Python.
pipx:pymarkdownlnt	pymarkdownlnt	linter	markdown	https://pypi.org/project/pymarkdownlnt/	-	-	PyMarkdown is primarily a Markdown linter.
pipx:pyment	pyment	formatter	python	https://pypi.org/project/pyment/	-	-	Create, update or convert docstrings in existing Python files, managing several styles.
pipx:pyproject-flake8	pyproject-flake8	linter	python	https://github.com/csachs/pyproject-flake8	178	2024-07-09	A monkey patching wrapper to connect flake8 with pyproject.toml configuration.
pipx:pyproject-fmt	pyproject-fmt	formatter	python,toml	https://pypi.org/project/pyproject-fmt/	-	-	Format your pyproject.toml file
pipx:pyre-check	pyre	lsp,linter	python	https://pypi.org/project/pyre-check/	-	-	Pyre is a performant type checker for Python compliant with PEP 484.
github:facebook/pyrefly	pyrefly	lsp,linter	python	https://pyrefly.org/	-	-	Pyrefly, a faster Python type checker written in Rust
npm:pyright	pyright	lsp	python	https://github.com/microsoft/pyright	15561	2026-07-29	Static type checker for Python.
pipx:pytest-language-server	pytest-language-server	lsp	python	https://github.com/bellini666/pytest-language-server	119	2026-08-01	A language server for pytest
pipx:python-lsp-server	python-lsp-server	lsp	python	https://github.com/python-lsp/python-lsp-server	2588	2026-07-27	Fork of the python-language-server project, maintained by the Spyder IDE team and the community.
github:TheQtCompanyRnD/qmlls-workflow	qmlls	lsp	qml	https://doc-snapshots.qt.io/qt6-dev/qtqml-tooling-qmlls.html	-	-	QML Language Server is a tool shipped with Qt that helps you write code in your favorite (LSP-supporting) editor.
unavailable:quick-lint-js	quick-lint-js	lsp,linter	javascript,typescript	https://quick-lint-js.com/	-	-	Over 130× faster than ESLint, quick-lint-js gives you instant feedback as you code. Find bugs in your JavaScript before your finger leaves the keyboard. Lint any JavaScript file with no configuration.
github:mason-org/r-languageserver	r-languageserver	lsp	r	https://github.com/REditorSupport/languageserver	672	2026-08-02	An implementation of the Language Server Protocol for R.
github:bscan/RakuNavigator	raku-navigator	lsp	raku	https://github.com/bscan/RakuNavigator	72	2026-03-29	Raku Language Server that includes Raku critic and code navigation.
pipx:rassumfrassum	rassumfrassum	lsp	python	https://github.com/joaotavora/rassumfrassum	258	2026-07-21	Connect an LSP client to multiple LSP servers.
github:jaredly/reason-language-server	reason-language-server	lsp	reason	https://github.com/jaredly/reason-language-server	650	2023-05-14	A language server for reason, in reason.
pipx:reformat-gherkin	reformat-gherkin	formatter	cucumber	https://pypi.org/project/reformat-gherkin/	-	-	Reformat-gherkin automatically formats Gherkin files.
pipx:refurb	refurb	linter	python	https://github.com/dosisod/refurb	2534	2026-04-03	A tool for refurbishing and modernizing Python codebases.
regal	regal	linter,lsp	rego	https://github.com/styrainc/regal	397	2026-08-01	A linter for Rego, with support for running as an LSP server.
go:github.com/kitagry/regols	regols	lsp	rego	https://github.com/kitagry/regols	39	2024-08-30	OPA Rego language server
npm:remark-cli	remark-cli	formatter	markdown	https://remark.js.org/	-	-	Command line interface to inspect and change markdown files with remark.
npm:remark-language-server	remark-language-server	lsp	markdown	https://github.com/remarkjs/remark-language-server	54	2026-05-19	A language server to lint and format markdown files with remark.
pipx:reorder-python-imports	reorder-python-imports	formatter	python	https://github.com/asottile/reorder_python_imports	784	2026-07-15	Tool for automatically reordering python imports. Similar to isort but uses static analysis more.
npm:@rescript/language-server	rescript-language-server	lsp	rescript	https://github.com/rescript-lang/rescript-vscode/tree/master/server	-	-	Language Server for ReScript.
revive	revive	linter	go	https://github.com/mgechev/revive	5542	2026-07-27	~6x faster, stricter, configurable, extensible, and beautiful drop-in replacement for golint.
cargo:rnix-lsp	rnix-lsp	lsp	nix	https://github.com/nix-community/rnix-lsp	710	2024-01-15	Language Server for Nix.
pipx:robotcode	robotcode	lsp	robot framework	https://robotcode.io/	-	-	The Ultimate Robot Framework Toolset
pipx:robotframework-lsp	robotframework-lsp	lsp	robot framework	https://github.com/robocorp/robotframework-lsp	211	2024-10-03	Language Server Protocol implementation for Robot Framework.
github:roc-lang/roc	roc_language_server	lsp	roc	https://github.com/roc-lang/roc/tree/main/crates/language_server#roc_language_server	-	-	This is a basic language server for Roc.
dotnet:roslyn-language-server	roslyn-language-server	lsp	c#	https://github.com/dotnet/roslyn	20586	2026-08-01	Roslyn-based C# language server providing rich IntelliSense, refactoring, and diagnostics. Requires dotnet to be installed.
pipx:rpm-spec-language-server	rpm_lsp_server	lsp	spec	https://github.com/dcermak/rpm-spec-language-server	45	2026-07-31	Language server protocol (LSP) support for RPM Spec files.
pipx:rpmlint	rpmlint	linter	python	https://pypi.org/project/rpmlint/	-	-	Rpmlint is a tool for checking common errors in RPM packages.
github:rshtml/rshtml-analyzer	rshtml-analyzer	lsp	rshtml	https://github.com/rshtml/rshtml-analyzer	3	2026-03-08	rshtml-analyzer is an implementation of the Language Server Protocol (LSP) for the RsHtml templating language which elegantly combines Rust and HTML.
pipx:rstcheck	rstcheck	linter	restructuredtext	https://rstcheck.readthedocs.io/	-	-	Checks syntax of reStructuredText and code blocks nested within it.
gem:rubocop	rubocop	lsp,linter,formatter	ruby	https://rubocop.org	-	-	The Ruby Linter/Formatter that Serves and Protects.
gem:ruby-lsp	ruby-lsp	lsp	ruby	https://github.com/Shopify/ruby-lsp	2021	2026-07-29	This gem is an implementation of the language server protocol specification for Ruby, used to improve editor features.
github:fables-tales/rubyfmt	rubyfmt	formatter	ruby	https://github.com/fables-tales/rubyfmt	1225	2026-07-29	Ruby Autoformatter!
ruff	ruff	lsp,linter,formatter	python	https://github.com/astral-sh/ruff/	48966	2026-08-02	An extremely fast Python linter and code formatter, written in Rust.
gem:rufo	rufo	formatter	ruby	https://github.com/ruby-formatter/rufo	939	2026-05-28	Rufo is as an opinionated ruby formatter, intended to be used via the command line as a text-editor plugin, to autoformat files on save or on demand. Unlike the best known Ruby formatter RuboCop, Rufo offers little in the way of configuration. Like other language formatters such as gofmt, prettier, and autopep8, we strive to find a "one true format" for Ruby code, and make sure your code adheres to it, with zero config where possible.
rumdl	rumdl	linter,formatter,lsp	markdown	https://github.com/rvben/rumdl	1378	2026-08-02	Fast Markdown linter and formatter.
github:vhdl-ls/rust_hdl	rust_hdl	lsp	vhdl	https://github.com/VHDL-LS/rust_hdl	501	2026-07-13	rust_hdl is a VHDL language server and analysis library written in Rust. A complete VHDL language server protocol implementation with diagnostics, navigate to symbol, find all references etc.
rust-analyzer	rust-analyzer	lsp	rust	https://github.com/rust-lang/rust-analyzer	16720	2026-08-02	rust-analyzer is an implementation of the Language Server Protocol for the Rust programming language. It provides features like completion and goto definition for many code editors, including VS Code, Emacs and Vim.
npm:rustywind	rustywind	formatter	angular,html,jsx,javascript,typescript,vue	https://github.com/avencera/rustywind	621	2026-07-21	CLI for organizing Tailwind CSS classes.
pipx:salt-lint	salt-lint	linter	salt	https://github.com/warpnet/salt-lint	160	2026-05-06	A command-line utility that checks for best practices in SaltStack.
pipx:salt-lsp	salt-lsp	lsp	salt	https://github.com/dcermak/salt-lsp	24	2024-02-16	Salt Language Server Protocol Server.
github:Kampfkarren/selene	selene	linter	lua,luau	https://kampfkarren.github.io/selene/	-	-	A blazing-fast modern Lua linter written in Rust.
semgrep	semgrep	linter	c#,go,json,java,javascript,php,python,ruby,scala,typescript	https://github.com/returntocorp/semgrep	16090	2026-07-31	Semgrep is a fast, open-source, static analysis engine for finding bugs, detecting vulnerabilities in third-party dependencies, and enforcing code standards.
github:Pure-D/serve-d	serve-d	lsp	d	https://github.com/Pure-D/serve-d	263	2026-07-19	Microsoft language server protocol implementation for D using workspace-d.
shellcheck	shellcheck	linter	bash	https://www.shellcheck.net/	-	-	ShellCheck, a static analysis tool for shell scripts.
cargo:shellharden	shellharden	formatter,linter	bash	https://github.com/anordal/shellharden	4793	2026-07-09	The corrective bash syntax highlighter.
shfmt	shfmt	formatter	bash	https://github.com/mvdan/sh	8936	2026-07-28	A shell formatter (sh/bash/zsh/mksh).
npm:@shopify/cli	shopify-cli	lsp,linter	liquid	https://shopify.dev/docs/api/shopify-cli	-	-	Command-line interface tool that helps you generate and work with Shopify apps, themes and custom storefronts.
github:ewhauser/shuck	shuck	lsp,linter,formatter	bash,zsh,sh,mksh	https://ewhauser.github.io/shuck/	-	-	A lightning fast shell linter, formatter, and LSP server for bash, zsh, posix, and mksh dialects.
github:LaBatata101/sith-language-server	sith-language-server	lsp	python	https://github.com/LaBatata101/sith-language-server	124	2025-05-31	An experimental language server for the Python programming language. - made in Rust.
github:shader-slang/slang	slang	lsp	slang	https://shader-slang.com/	-	-	Slang is a shading language that makes it easier to build and maintain large shader codebases in a modular and extensible fashion, while also maintaining the highest possible performance on modern GPUs and graphics APIs. Slang is based on years of collaboration between researchers at NVIDIA, Carnegie Mellon University, and Stanford.
github:hudson-trading/slang-server	slang-server	lsp	systemverilog,verilog	https://github.com/hudson-trading/slang-server	288	2026-07-30	A SystemVerilog language server based on the Slang library.
github:nrempel/sleek	sleek	formatter	sql	https://github.com/nrempel/sleek	281	2025-11-18	Sleek is a CLI tool for formatting SQL.
github:slint-ui/slint	slint-lsp	lsp	slint	https://slint-ui.com/	-	-	A LSP Server that adds features like auto-complete and live preview of the .slint files to many editors.
github:awslabs/smithy-language-server	smithy-language-server	lsp	smithy	https://github.com/awslabs/smithy-language-server	44	2026-07-24	A Language Server Protocol implementation for the Smithy IDL.
pipx:snakefmt	snakefmt	formatter	snakemake	https://github.com/snakemake/snakefmt	195	2026-07-24	The uncompromising Snakemake code formatter.
npm:@snakeskin/cli	snakeskin-cli	lsp	snakeskin	https://github.com/SnakeskinTpl/language-tools/tree/main/packages/cli	-	-	Snakeskin is an awesome JavaScript template engine with the best support for inheritance.
snyk	snyk	lsp,linter	.net,apex,c#,c++,dart,docker,elixir,go,groovy,helm,java,javascript,kotlin,php,python,ruby,rust,scala,swift,terraform,typescript	https://github.com/snyk/cli	5626	2026-08-02	Snyk CLI scans and monitors your projects for security vulnerabilities
github:snyk/snyk-ls	snyk-ls	lsp	snyk	https://github.com/snyk/snyk-ls	83	2026-07-31	The language server follows the Language Server Protocol and integrates with Snyk Open Source, Snyk Infrastructure as Code and Snyk Code. For the former two, it uses the Snyk CLI as a data provider, for the latter it is connecting directly to the Snyk Code API.
github:hyperledger-labs/solang	solang	lsp	solidity	https://solang.readthedocs.io/en/latest/	-	-	Solidity Compiler for Solana, Substrate, and ewasm.
github:hyperledger/solang-llvm	solang-llvm	lsp	solidity	https://github.com/hyperledger/solang-llvm	1	2024-05-02	Solang requires Solana's LLVM fork. We provide pre-built binaries compatible with Solang.
gem:solargraph	solargraph	lsp	ruby	https://solargraph.org	-	-	Solargraph is a Ruby gem that provides intellisense features through the language server protocol.
npm:solhint	solhint	linter	solidity	https://protofire.github.io/solhint/	-	-	Solhint is a linting utility for Solidity code.
solidity	solidity	lsp	solidity	https://github.com/ethereum/solidity	25693	2026-07-30	Solidity, the Smart Contract Programming Language.
npm:solidity-ls	solidity-ls	lsp	solidity	https://github.com/qiuxiang/solidity-ls	65	2024-02-10	Solidity language server.
npm:some-sass-language-server	some-sass-language-server	lsp	scss	https://github.com/wkillerud/some-sass/tree/main/packages/language-server	-	-	Full support for @use and @forward, including aliases, prefixes and hiding. Rich documentation through SassDoc. Workspace-wide code navigation and refactoring.
github:SonarSource/sonarlint-vscode	sonarlint-language-server	linter	azureresourcemanager,c,c++,c#,cloudformation,css,docker,go,html,ipython,java,javascript,kubernetes,typescript,python,php,terraform,text,xml,yaml	https://github.com/SonarSource/sonarlint-vscode	622	2026-08-01	SonarLint Language Server.
gem:sorbet	sorbet	lsp	ruby	https://sorbet.org/	-	-	Sorbet is a fast, powerful type checker designed for Ruby.
sourcery	sourcery	lsp	python	https://docs.sourcery.ai/	-	-	Sourcery is a tool available in your IDE, GitHub, or as a CLI that suggests refactoring improvements to help make your code more readable and generally higher quality.
github:stoplightio/vscode-spectral	spectral-language-server	lsp	json,yaml	https://github.com/stoplightio/vscode-spectral	78	2025-03-28	Awesome Spectral JSON/YAML linter with OpenAPI/AsyncAPI support. Spectral is a flexible object linter with out of the box support for OpenAPI v2 and v3, JSON Schema, and AsyncAPI.
pipx:sphinx-lint	sphinx-lint	linter	restructuredtext,python	https://github.com/sphinx-contrib/sphinx-lint	103	2026-07-06	Linter for stylistic and formal issues in Sphinx documentation
npm:@spyglassmc/language-server	spyglassmc-language-server	lsp	mcfunction	https://github.com/SpyglassMC/Spyglass/tree/main/packages/language-server	-	-	This is a language server wrapped around some other Spyglass packages.
npm:sql-formatter	sql-formatter	formatter	sql	https://sql-formatter-org.github.io/sql-formatter/	-	-	A whitespace formatter for different query languages.
pipx:sqlfluff	sqlfluff	linter,formatter	sql	https://github.com/sqlfluff/sqlfluff	9846	2026-08-02	SQLFluff is a dialect-flexible and configurable SQL linter.
pipx:shandy-sqlfmt	sqlfmt	formatter	sql	https://sqlfmt.com/	-	-	sqlfmt formats your dbt SQL files so you don't have to. It is similar in nature to black, gofmt, and rustfmt (but for SQL).
npm:sql-language-server	sqlls	lsp	sql	https://github.com/joe-re/sql-language-server	771	2024-12-05	SQL Language Server.
go:github.com/sqls-server/sqls	sqls	lsp	sql	https://github.com/sqls-server/sqls	1329	2026-07-15	SQL language server written in Go.
github:quarylabs/sqruff	sqruff	formatter,linter	sql	https://github.com/quarylabs/sqruff	1361	2026-08-02	A high-speed SQL linter written in Rust.
github:sbdchd/squawk	squawk	linter	postgres,sql	https://github.com/sbdchd/squawk	1146	2026-08-01	Linter for Postgres migrations & SQL
npm:stan-language-server-bin	stan-language-server	lsp	stan	https://github.com/tomatitito/stan-language-server	13	2026-07-30	Language server for the Stan probabilistic programming language.
npm:standard	standardjs	linter,formatter	javascript	https://standardjs.com	-	-	JavaScript Style Guide, with linter & automatic code fixer.
gem:standard	standardrb	formatter,linter	ruby	https://github.com/testdouble/standard/	2914	2026-08-01	Ruby Style Guide, with linter and automatic code fixer.
cargo:starlark_bin	starlark-rust	lsp	starlark	https://github.com/facebook/starlark-rust/	1002	2026-08-01	A Rust implementation of the Starlark language
github:withered-magic/starpls	starpls	lsp	starlark	https://github.com/withered-magic/starpls	214	2025-12-03	Starpls is an LSP implementation for Starlark, the configuration language used by Bazel and Buck2.
staticcheck	staticcheck	linter	go	https://staticcheck.io/	-	-	The advanced Go linter.
cargo:statix	statix	linter	nix	https://github.com/oppiliappan/statix	936	2026-07-26	lints and suggestions for the nix programming language
gem:steep	steep	lsp	ruby	https://github.com/soutaro/steep	1486	2026-07-28	Static type checker for Ruby
npm:stimulus-language-server	stimulus-language-server	lsp	blade,html,php,ruby	https://github.com/marcoroth/stimulus-lsp	303	2026-08-01	Intelligent Stimulus tooling
gem:syntax_tree	stree	lsp	ruby	https://ruby-syntax-tree.github.io/syntax_tree/	-	-	A fast Ruby parser and formatter.
npm:stylelint	stylelint	linter	css	https://stylelint.io	-	-	A mighty CSS linter that helps you avoid errors and enforce conventions.
npm:@stylelint/language-server	stylelint-language-server	lsp	stylelint	https://github.com/stylelint/vscode-stylelint	341	2026-08-01	A stylelint Language Server.
npm:stylelint-lsp	stylelint-lsp	lsp	stylelint	https://github.com/bmatcuk/stylelint-lsp	55	2026-07-19	DEPRECATED: stylelint-lsp is deprecated in favor of stylelint-language-server — A stylelint Language Server.
stylua	stylua	lsp,formatter	lua	https://github.com/JohnnyMorganz/StyLua	2264	2026-07-25	An opinionated Lua code formatter.
superhtml	superhtml	lsp,formatter	html,superhtml	https://github.com/kristoff-it/superhtml	1356	2026-07-19	HTML Language Server & Templating Language Library
npm:svelte-language-server	svelte-language-server	lsp	svelte	https://github.com/sveltejs/language-tools	1437	2026-07-27	A language server (implementing the language server protocol) for Svelte.
npm:@imc-trading/svlangserver	svlangserver	lsp	systemverilog	https://github.com/imc-trading/svlangserver	137	2025-11-17	A language server for systemverilog that has been tested to work with coc.nvim, VSCode, Sublime Text 4, emacs, and Neovim.
cargo:svls	svls	lsp	systemverilog	https://github.com/dalance/svls	582	2026-07-28	SystemVerilog language server
swiftformat	swiftformat	formatter	swift	https://github.com/nicklockwood/SwiftFormat	8873	2026-08-01	A command-line tool and Xcode Extension for formatting Swift code.
swiftlint	swiftlint	linter	swift	https://github.com/realm/SwiftLint	19681	2026-08-01	A tool to enforce Swift style and conventions.
github:JFryy/systemd-lsp	systemd-lsp	lsp	systemd	https://github.com/JFryy/systemd-lsp	437	2026-07-05	a language server implementation for systemd unit files made in rust
pipx:systemdlint	systemdlint	linter	systemd	https://github.com/priv-kweihmann/systemdlint	53	2026-01-30	Systemd Unitfile Linter
npm:tabby-agent	tabby-agent	lsp	any	https://github.com/TabbyML/tabby	33812	2026-06-30	Tabby is a self-hosted AI coding assistant, offering an open-source and on-premises alternative to GitHub Copilot.
npm:@tailwindcss/language-server	tailwindcss-language-server	lsp	css	https://github.com/tailwindlabs/tailwindcss-intellisense	3459	2026-07-28	Language Server Protocol implementation for Tailwind CSS.
aqua:tamasfe/taplo	taplo	lsp,formatter	toml	https://taplo.tamasfe.dev/	-	-	A versatile, feature-rich TOML toolkit.
pipx:tclint	tclint	linter,formatter,lsp	tcl	https://github.com/nmoroze/tclint	110	2026-08-01	Modern dev tools for Tcl • includes a linter, formatter, and editor integration.
unavailable:teal-language-server	teal-language-server	lsp	teal	https://github.com/teal-language/teal-language-server	123	2026-07-27	A language server for Teal, a typed dialect of Lua.
github:a-h/templ	templ	lsp	go,html	https://templ.guide	-	-	templ is the official language server for the templ HTML templating language. It provides IDE features to any LSP-compatible editor.
pipx:termux-language-server	termux-language-server	lsp	bash	https://termux-language-server.readthedocs.io/en/latest/	-	-	A language server for some specific bash scripts.
terraform	terraform	formatter,linter	terraform	https://www.terraform.io/	-	-	Terraform enables you to safely and predictably create, change, and improve infrastructure. It is a source-available tool that codifies APIs into declarative configuration files that can be shared amongst team members, treated as code, edited, reviewed, and versioned.
aqua:hashicorp/terraform-ls	terraform-ls	lsp	terraform	https://github.com/hashicorp/terraform-ls	1199	2026-07-31	Terraform Language Server.
github:gruntwork-io/terragrunt-ls	terragrunt-ls	lsp	hcl	https://github.com/gruntwork-io/terragrunt-ls	48	2026-08-01	Language server for Terragrunt configuration files.
github:WGUNDERWOOD/tex-fmt	tex-fmt	formatter	latex	https://github.com/WGUNDERWOOD/tex-fmt	845	2026-07-20	An extremely fast LaTeX formatter written in Rust.
github:latex-lsp/texlab	texlab	lsp	latex	https://github.com/latex-lsp/texlab	1999	2026-07-27	An implementation of the Language Server Protocol for LaTeX.
npm:textlint	textlint	linter	text,markdown	https://textlint.github.io	-	-	The pluggable natural language linter for text and markdown.
pipx:textLSP	textlsp	lsp	text,latex,org	https://github.com/hangyav/textLSP	90	2026-05-01	Language server for text spell and grammar check with various tools.
tflint	tflint	lsp,linter	terraform	https://github.com/terraform-linters/tflint	5781	2026-08-01	A Pluggable Terraform Linter.
tfsec	tfsec	linter	terraform	https://github.com/aquasecurity/tfsec	7022	2026-03-25	Security scanner for your Terraform code
github:joyme123/thrift-ls	thriftls	lsp	thrift	https://github.com/joyme123/thrift-ls	21	2026-01-20	thriftls is a Thrift language server. It provides IDE features to any LSP-compatible editor.
tilt	tilt	lsp	starlark	https://tilt.dev/	-	-	Define your dev environment as code. For microservice apps on Kubernetes.
tinymist	tinymist	lsp	typst	https://github.com/Myriad-Dreamin/tinymist	3444	2026-08-02	Tinymist [ˈtaɪni mɪst] is an integrated language service for Typst [taɪpst]. You can also call it "微霭" [wēi ǎi] in Chinese.
unavailable:tlint	tlint	formatter,linter	php,blade	https://github.com/tighten/tlint	526	2026-04-30	Tighten linter for Laravel conventions with support for formatting.
github:opentofu/tofu-ls	tofu-ls	lsp	opentofu	https://github.com/opentofu/tofu-ls	181	2026-07-08	OpenTofu Language Server
tombi	tombi	formatter,linter,lsp	toml	https://github.com/tombi-toml/tombi	1062	2026-08-02	TOML Formatter / Linter / Language Server
trivy	trivy	linter	c,c#,c++,dart,docker,elixir,go,helm,java,javascript,php,python,ruby,rust,terraform,typescript	https://github.com/aquasecurity/trivy	37209	2026-08-01	Find vulnerabilities, misconfigurations, secrets, SBOM in containers, Kubernetes, code repositories, clouds and more.
trufflehog	trufflehog	linter	any	https://github.com/trufflesecurity/trufflehog	27279	2026-07-31	Find and verify credentials.
github:ribru17/ts_query_ls	ts_query_ls	lsp	query	https://github.com/ribru17/ts_query_ls	149	2026-07-09	An LSP implementation for Tree-sitter's query files
npm:ts-standard	ts-standard	linter,formatter	typescript	https://github.com/standard/ts-standard	493	2023-09-16	Typescript style guide, linter, and formatter using StandardJS.
npm:@typescript/native-preview	tsgo	lsp	typescript,javascript	https://github.com/microsoft/typescript-go	26120	2026-08-02	Native TypeScript compiler port. Language Server Protocol support with partial features including errors, hover, go to definition, references, and signature help.
npm:@typespec/compiler	tsp-server	lsp	typespec	https://github.com/microsoft/typespec	5810	2026-08-01	The language server for TypeSpec, a language for defining cloud service APIs and shapes.
npm:turtle-language-server	turtle-language-server	lsp	turtle	https://github.com/stardog-union/stardog-language-servers	40	2026-04-06	A language server (by Stardog) for Turtle
unavailable:twig-cs-fixer	twig-cs-fixer	formatter	twig	https://github.com/VincentLanglet/Twig-CS-Fixer	345	2026-06-29	A tool to automatically fix Twig Coding Standards issues
github:friendsoftwig/twigcs	twigcs	linter	twig	https://github.com/friendsoftwig/twigcs	358	2026-01-23	The missing checkstyle for twig! Twigcs aims to be what phpcs is to php. It checks your codebase for violations on coding standards.
npm:twiggy-language-server	twiggy-language-server	lsp,linter	twig,html	https://github.com/moetelo/twiggy	60	2026-08-01	Twig Language Server.
ty	ty	lsp,linter	python	https://github.com/astral-sh/ty	19358	2026-07-29	An extremely fast Python type checker and language server, written in Rust.
npm:typescript	typescript	lsp	typescript,javascript	-	-	-	-
npm:typescript-language-server	typescript-language-server	lsp	typescript,javascript	https://github.com/typescript-language-server/typescript-language-server	2541	2026-08-02	TypeScript & JavaScript Language Server.
typos	typos	linter	any	https://github.com/crate-ci/typos	4060	2026-08-01	Source code spell checker
github:tekumara/typos-vscode	typos-lsp	lsp	any	https://github.com/tekumara/typos-vscode	570	2026-08-02	Source code spell checker
typstyle	typstyle	formatter	typst	https://github.com/Enter-tainer/typstyle	870	2026-08-02	Beautiful and reliable typst code formatter
npm:unocss-language-server	unocss-language-server	lsp	css	https://github.com/xna00/unocss-language-server	85	2026-05-25	Language Server Protocol implementation for UnoCSS.
pipx:usort	usort	formatter	python	https://usort.readthedocs.io/	-	-	Safe, minimal import sorting for Python projects.
github:vlang/v-analyzer	v-analyzer	lsp	v	https://github.com/vlang/v-analyzer	206	2026-06-20	The @vlang language server, for all your editing needs like go-to-definition, code completion, type hints, and more.
vacuum	vacuum	linter	openapi	https://github.com/daveshanley/vacuum	1111	2026-08-01	vacuum is the worlds fastest OpenAPI 3, OpenAPI 2 / Swagger linter and quality analysis tool. Built in go, it tears through API specs faster than you can think. vacuum is compatible with Spectral rulesets and generates compatible reports.
github:vala-lang/vala-language-server	vala-language-server	lsp	vala	https://github.com/vala-lang/vala-language-server	333	2026-08-01	Code Intelligence for Vala & Genie.
vale	vale	linter	text,markdown,latex	https://vale.sh/	-	-	A syntax-aware linter for prose built with speed and extensibility in mind.
github:errata-ai/vale-ls	vale-ls	lsp	text,markdown	https://vale.sh/	-	-	An implementation of the Language Server Protocol (LSP) for the Vale command-line tool.
pipx:VectorCode	vectorcode	lsp	python	https://github.com/Davidyz/VectorCode	873	2026-02-23	A code repository indexing tool to supercharge your LLM experience.
github:chipsalliance/verible	verible	lsp,linter,formatter	systemverilog	https://chipsalliance.github.io/verible/	-	-	Verible is a suite of SystemVerilog developer tools, including a parser, style-linter, and formatter.
github:veryl-lang/veryl	veryl-ls	lsp	veryl	https://github.com/veryl-lang/veryl	993	2026-08-02	Veryl language server.
github:vespa-engine/vespa	vespa-language-server	lsp	sd,yql	https://github.com/vespa-engine/vespa/tree/master/integration/schema-language-server	-	-	Language support for the Vespa Schema language.
npm:vls	vetur-vls	lsp	vue	https://github.com/vuejs/vetur	5749	2024-06-14	VLS (Vue Language Server) is a language server implementation compatible with Language Server Protocol.
pipx:vsg	vhdl-style-guide	formatter	vhdl	https://github.com/jeremiah-c-leary/vhdl-style-guide	247	2026-07-24	Style guide enforcement for VHDL
npm:vim-language-server	vim-language-server	lsp	vimscript	https://github.com/iamcco/vim-language-server	543	2023-06-26	VimScript language server.
pipx:vim-vint	vint	linter	vimscript	https://github.com/Vimjas/vint	707	2023-12-29	Fast and Highly Extensible Vim script Language Lint implemented in Python.
github:vlang/vls	vls	lsp	v	https://github.com/vlang/vls	369	2026-07-29	V language server.
unavailable:vscode-home-assistant	vscode-home-assistant	lsp	yaml	https://github.com/keesschollaart81/vscode-home-assistant	705	2026-03-10	Language Server Protocol implementation for Home Assistant.
npm:vscode-langservers-extracted	vscode-langservers-extracted	lsp	html,css,json	-	-	-	-
npm:vscode-solidity-server	vscode-solidity-server	lsp	solidity	https://github.com/juanfranblanco/vscode-solidity	958	2026-05-28	Solidity language server.
unavailable:vscode-spring-boot-tools	vscode-spring-boot-tools	lsp	java	https://github.com/spring-projects/spring-tools	975	2026-08-01	VS Code Language Server for Spring Boot VSCode extension and Language Server providing support for working with Spring Boot application.properties, application.yml and .java files. Note: this extension has a dependency on VS Code extension of Language Support for Java™ by Red Hat.
npm:@vtsls/language-server	vtsls	lsp	javascript,typescript	https://github.com/yioneko/vtsls	1068	2026-08-02	LSP wrapper around the TypeScript extension bundled with VSCode.
npm:@vue/language-server	vue-language-server	lsp	vue	https://github.com/vuejs/language-tools	6699	2026-08-02	⚡ Explore high-performance tooling for Vue.
pipx:vulture	vulture	linter	python	https://github.com/jendrikseipp/vulture	4745	2026-04-30	Vulture finds unused code in Python programs. This is useful for cleaning up and finding errors in large code bases. If you run Vulture on both your library and test suite you can find untested code. Due to Python's dynamic nature, static code analyzers like Vulture are likely to miss some dead code. Also, code that is only called implicitly may be reported as unused. Nonetheless, Vulture can be a very helpful tool for higher code quality.
github:g-plane/wasm-language-tools	wasm-language-tools	lsp,formatter,linter	webassembly	https://github.com/g-plane/wasm-language-tools	91	2026-08-01	Language server and other tools for WebAssembly.
github:wc-toolkit/wc-language-server	wc-language-server	lsp	html,javascript,typescript	https://github.com/wc-toolkit/wc-language-server	45	2026-04-17	Language server that surfaces Web Components metadata, completions, and diagnostics. Provides rich language features for HTML, JSX/TSX, Vue, Svelte, Astro, and other templating languages that use Custom Elements.
github:wgsl-analyzer/wgsl-analyzer	wgsl-analyzer	lsp	wgsl	https://github.com/wgsl-analyzer/wgsl-analyzer	689	2026-07-30	A language server implementation for the WGSL shading language.
npm:winglang	wing	lsp	wing	https://github.com/winglang/wing	5394	2026-06-12	A programming language for the cloud
github:get-woke/woke	woke	linter	any	https://docs.getwoke.tech/	-	-	Detect non-inclusive language in your source code.
npm:write-good	write-good	linter	markdown	https://github.com/btford/write-good	5077	2025-03-10	Naive linter for English prose for developers who can't write good and wanna learn to do other stuff good too.
github:SolaWing/xcode-build-server	xcode-build-server	lsp	swift	https://github.com/SolaWing/xcode-build-server	989	2026-01-31	a build server protocol implementation for integrate xcode with sourcekit-lsp
pipx:xmlformatter	xmlformatter	formatter	xml	https://github.com/pamoller/xmlformatter	36	2026-05-06	xmlformatter is an Open Source Python package that provides formatting of XML documents. xmlformatter differs from others formatters by handling whitespaces by a distinct set of formatting rules - formatting element content by an object style and mixed content by a text style. You may find xmlformatter useful for corrections and presentations.
npm:yaml-language-server	yaml-language-server	lsp	yaml	https://github.com/redhat-developer/yaml-language-server	1503	2026-07-31	Language Server for YAML Files.
pipx:yamlfix	yamlfix	formatter	yaml	https://github.com/lyz-code/yamlfix	262	2025-12-18	A simple and configurable YAML formatter that keeps comments.
yamlfmt	yamlfmt	formatter	yaml	https://github.com/google/yamlfmt	1797	2026-07-30	yamlfmt is an extensible command line tool or library to format yaml files.
yamllint	yamllint	linter	yaml	https://github.com/adrienverge/yamllint	3440	2026-07-20	Linter for YAML files. yamllint does not only check for syntax validity, but for weirdnesses like key repetition and cosmetic problems such as lines length, trailing spaces, indentation, etc.
pipx:yapf	yapf	formatter	python	https://pypi.org/project/yapf/	-	-	YAPF, Yet Another Python Formatter.
pipx:yls-yara	yls-yara	lsp	yara	https://avast.github.io/yls/	-	-	Language server for the YARA language.
github:bbannier/zeek-language-server	zeek-language-server	lsp	zeek	https://github.com/bbannier/zeek-language-server	17	2026-08-01	This project implements a language server for Zeek script.
zizmor	zizmor	linter	yaml	https://github.com/zizmorcore/zizmor	5970	2026-08-02	Static analysis for GitHub Actions
github:zk-org/zk	zk	lsp	markdown	https://github.com/zk-org/zk	2742	2026-07-30	A plain text note-taking assistant.
aqua:zigtools/zls	zls	lsp	zig	https://github.com/zigtools/zls	5051	2026-07-21	Zig LSP implementation + Zig Language Server.
zprint	zprint	formatter	clojure,clojurescript	https://github.com/kkinnear/zprint	622	2025-05-14	Beautifully format Clojure and Clojurescript source code and s-expressions.
npm:zprint-clj	zprint-clj	formatter	clojure,clojurescript	https://github.com/clj-commons/zprint-clj	13	2021-06-10	Node.js wrapper for ZPrint Clojure source code formatter
pipx:zuban	zuban	linter,lsp	python	https://zubanls.com	-	-	Zuban is a high-performant Mypy-compatible LSP and type checker built in Rust.
